nome,nicho,cidade,telefone,site,rating,qtd_reviews,score_oportunidade,motivo_abordagem,status,notas,mensagem_sugerida
"Glow Up nails","salão de unhas","Franca, SP","(16) 99296-3644","","5","1","85","sem_site","não contatado","","Oi! Vi o Glow Up nails aqui em Franca — 1 avaliações, nota 5, mas sem site próprio ainda. Isso é cliente indo pra concorrência que aparece primeiro no Google. Faço sites simples e rápidos, com automação de WhatsApp incluída. Posso te mostrar um exemplo de como ficaria o de vocês, sem compromisso?"
"Michelle Alves Instrutora/Nail Designer","salão de unhas","Franca, SP","(16) 99276-9201","","5","14","85","sem_site","contatado","","Parabéns pelo incrível trabalho no seu salão, nota 5 com 14 avaliações é um feito notável! Reparei que você não tem um site próprio, só faltando uma presença online exclusiva para mostrar todo o seu talento. Posso te mostrar uma ideia rápida, sem compromisso? 
Vitor, do @engenheiro.ai"
"Talita Campos Studio de unha e estética","salão de unhas","Franca, SP","(16) 98248-5135","","5","10","85","sem_site","contatado","","Oi! Vi o Talita Campos Studio de unha e estética aqui em Franca — 10 avaliações, nota 5, mas sem site próprio ainda. Isso é cliente indo pra concorrência que aparece primeiro no Google. Faço sites simples e rápidos, com automação de WhatsApp incluída. Posso te mostrar um exemplo de como ficaria o de vocês, sem compromisso?"
"Iago Bomfim Corretor | Cidade Nova Imóveis","corretoras","Franca, SP","(16) 99224-5131","","5","5","85","sem_site","não contatado","","Oi! Vi o Iago Bomfim Corretor | Cidade Nova Imóveis aqui em Franca — 5 avaliações, nota 5, mas sem site próprio ainda. Isso é cliente indo pra concorrência que aparece primeiro no Google. Faço sites simples e rápidos, com automação de WhatsApp incluída. Posso te mostrar um exemplo de como ficaria o de vocês, sem compromisso?"
"Rose Corretora de Imóveis","corretoras","Franca, SP","(16) 99101-1147","","5","2","85","sem_site","não contatado","","Oi! Vi o Rose Corretora de Imóveis aqui em Franca — 2 avaliações, nota 5, mas sem site próprio ainda. Isso é cliente indo pra concorrência que aparece primeiro no Google. Faço sites simples e rápidos, com automação de WhatsApp incluída. Posso te mostrar um exemplo de como ficaria o de vocês, sem compromisso?"
"Investconsórcio","investimentos","Franca, SP","(16) 99248-0007","","5","2","85","sem_site","não contatado","","Oi! Vi o Investconsórcio aqui em Franca — 2 avaliações, nota 5, mas sem site próprio ainda. Isso é cliente indo pra concorrência que aparece primeiro no Google. Faço sites simples e rápidos, com automação de WhatsApp incluída. Posso te mostrar um exemplo de como ficaria o de vocês, sem compromisso?"
"Orius Capitais","investimentos","Franca, SP","(16) 99119-5681","","5","1","85","sem_site","não contatado","","Oi! Vi o Orius Capitais aqui em Franca — 1 avaliações, nota 5, mas sem site próprio ainda. Isso é cliente indo pra concorrência que aparece primeiro no Google. Faço sites simples e rápidos, com automação de WhatsApp incluída. Posso te mostrar um exemplo de como ficaria o de vocês, sem compromisso?"
"TOP FIT STUDIO DE MUSCULAÇÃO","academia","itapema","(47) 98869-0110","","5","10","85","sem_site","não contatado","","Oi! Vi o TOP FIT STUDIO DE MUSCULAÇÃO aqui em Franca — 10 avaliações, nota 5, mas sem site próprio ainda. Isso é cliente indo pra concorrência que aparece primeiro no Google. Faço sites simples e rápidos, com automação de WhatsApp incluída. Posso te mostrar um exemplo de como ficaria o de vocês, sem compromisso?"
"Gestor Capital - Consórcio Santa Emília","investimentos","Franca, SP","","","5","3","85","sem_site","não contatado","","Oi! Vi o Gestor Capital - Consórcio Santa Emília aqui em Franca — 3 avaliações, nota 5, mas sem site próprio ainda. Isso é cliente indo pra concorrência que aparece primeiro no Google. Faço sites simples e rápidos, com automação de WhatsApp incluída. Posso te mostrar um exemplo de como ficaria o de vocês, sem compromisso?"
"Josy Unhas Decoradas","salão de unhas","Franca, SP","(16) 99113-7644","","5","1","85","sem_site","contatado","","Parabéns pelo trabalho incrível do seu salão, Josy Unhas Decoradas, nota 5 no Google é digna de admiração! Reparei que você não tem um site próprio, só faltando um detalhe para expandir ainda mais a presença digital do seu negócio. Posso te mostrar uma ideia rápida, sem compromisso? 
Vitor, do @engenheiro.ai"
"Machado Seguros & Investimentos","investimentos","Franca, SP","(16) 99310-4133","","5","9","85","sem_site","não contatado","","Oi! Vi o Machado Seguros & Investimentos aqui em Franca — 9 avaliações, nota 5, mas sem site próprio ainda. Isso é cliente indo pra concorrência que aparece primeiro no Google. Faço sites simples e rápidos, com automação de WhatsApp incluída. Posso te mostrar um exemplo de como ficaria o de vocês, sem compromisso?"
"Unhas por Cecilia","salão de unhas","Franca, SP","","","5","4","85","sem_site","não contatado","","Oi! Vi o Unhas por Cecilia aqui em Franca — 4 avaliações, nota 5, mas sem site próprio ainda. Isso é cliente indo pra concorrência que aparece primeiro no Google. Faço sites simples e rápidos, com automação de WhatsApp incluída. Posso te mostrar um exemplo de como ficaria o de vocês, sem compromisso?"
"Esmalteria E Nail Spa L.Giometti","salão de unhas","Franca, SP","(16) 99167-3359","","5","11","85","sem_site","não contatado","","Oi! Vi o Esmalteria E Nail Spa L.Giometti aqui em Franca — 11 avaliações, nota 5, mas sem site próprio ainda. Isso é cliente indo pra concorrência que aparece primeiro no Google. Faço sites simples e rápidos, com automação de WhatsApp incluída. Posso te mostrar um exemplo de como ficaria o de vocês, sem compromisso?"
"Studio Be - Um mundo além das unhas...","salão de unhas","Franca, SP","(16) 99170-7882","","5","7","85","sem_site","não contatado","","Oi! Vi o Studio Be - Um mundo além das unhas... aqui em Franca — 7 avaliações, nota 5, mas sem site próprio ainda. Isso é cliente indo pra concorrência que aparece primeiro no Google. Faço sites simples e rápidos, com automação de WhatsApp incluída. Posso te mostrar um exemplo de como ficaria o de vocês, sem compromisso?"
"Aléxia Fernanda manicure pedicure","salão de unhas","Franca, SP","(16) 99462-3351","","5","12","85","sem_site","contatado","","Oi! Vi o Aléxia Fernanda manicure pedicure aqui em Franca — 12 avaliações, nota 5, mas sem site próprio ainda. Isso é cliente indo pra concorrência que aparece primeiro no Google. Faço sites simples e rápidos, com automação de WhatsApp incluída. Posso te mostrar um exemplo de como ficaria o de vocês, sem compromisso?"
"Barbearia Senhor Du Cort","barbearia","Franca, SP","(16) 99170-2958","","5","3","85","sem_site","contatado","","Oi! Vi o Barbearia Senhor Du Cort aqui em Franca — 3 avaliações, nota 5, mas sem site próprio ainda. Isso é cliente indo pra concorrência que aparece primeiro no Google. Faço sites simples e rápidos, com automação de WhatsApp incluída. Posso te mostrar um exemplo de como ficaria o de vocês, sem compromisso?"
"Fit Pró 3.0 Academia","academia","Franca, SP","(16) 98820-6654","","5","13","85","sem_site","não contatado","","Oi! Vi o Fit Pró 3.0 Academia aqui em Franca — 13 avaliações, nota 5, mas sem site próprio ainda. Isso é cliente indo pra concorrência que aparece primeiro no Google. Faço sites simples e rápidos, com automação de WhatsApp incluída. Posso te mostrar um exemplo de como ficaria o de vocês, sem compromisso?"
"Harmonização facial - Esteticista Dra. Dulce Lima","estética facial","Franca, SP","(16) 98243-4146","","5","6","85","sem_site","não contatado","","Oi! Vi o Harmonização facial - Esteticista Dra. Dulce Lima aqui em Franca — 6 avaliações, nota 5, mas sem site próprio ainda. Isso é cliente indo pra concorrência que aparece primeiro no Google. Faço sites simples e rápidos, com automação de WhatsApp incluída. Posso te mostrar um exemplo de como ficaria o de vocês, sem compromisso?"
"Club Pets - Banho e Tosa Hotel para Cachorros e Táxi Dog","pet shop","Franca, SP","(16) 99454-9816","","5","11","85","sem_site","não contatado","","Oi! Vi o Club Pets - Banho e Tosa Hotel para Cachorros e Táxi Dog aqui em Franca — 11 avaliações, nota 5, mas sem site próprio ainda. Isso é cliente indo pra concorrência que aparece primeiro no Google. Faço sites simples e rápidos, com automação de WhatsApp incluída. Posso te mostrar um exemplo de como ficaria o de vocês, sem compromisso?"
"Alpha petshop Franca","pet shop","Franca, SP","(16) 99322-4848","","5","1","85","sem_site","não contatado","","Oi! Vi o Alpha petshop Franca aqui em Franca — 1 avaliações, nota 5, mas sem site próprio ainda. Isso é cliente indo pra concorrência que aparece primeiro no Google. Faço sites simples e rápidos, com automação de WhatsApp incluída. Posso te mostrar um exemplo de como ficaria o de vocês, sem compromisso?"
"Bicho Molhado Pet Shop Em Franca","pet shop","Franca, SP","(16) 99722-6280","","5","14","85","sem_site","não contatado","","Oi! Vi o Bicho Molhado Pet Shop Em Franca aqui em Franca — 14 avaliações, nota 5, mas sem site próprio ainda. Isso é cliente indo pra concorrência que aparece primeiro no Google. Faço sites simples e rápidos, com automação de WhatsApp incluída. Posso te mostrar um exemplo de como ficaria o de vocês, sem compromisso?"
"Franciane Rezende","salão de unhas","Franca, SP","(16) 99670-5500","https://www.instagram.com/unhas.francianerezende?igsh=Z2NudGhnZjljOHFr&utm_source=qr","5","14","70","so_rede_social","não contatado","","Oi! Vi o Franciane Rezende — 14 avaliações, nota 5, mas o único link que aparece no Google é o Instagram. Um site próprio (mesmo simples) ajuda a converter muito mais quem já gostou do trabalho de vocês. Posso te mandar uma ideia rápida?"
"Studio Andressa Carrijo - Alongamento de unhas","salão de unhas","Franca, SP","(16) 98193-2690","https://instagram.com/studioandressacarrijo?igshid=MXNteDQycjJpd2lsYQ==&utm_source=qr","5","8","70","so_rede_social","não contatado","","Oi! Vi o Studio Andressa Carrijo - Alongamento de unhas — 8 avaliações, nota 5, mas o único link que aparece no Google é o Instagram. Um site próprio (mesmo simples) ajuda a converter muito mais quem já gostou do trabalho de vocês. Posso te mandar uma ideia rápida?"
"Stephany Ferreira - Nail Designer | Unhas Artisticas","salão de unhas","Franca, SP","(16) 99155-3186","https://www.instagram.com/steferreira.nail?igsh=ajRmd3ptM3dyZzJh&utm_source=qr","5","6","70","so_rede_social","não contatado","","Oi! Vi o Stephany Ferreira - Nail Designer | Unhas Artisticas — 6 avaliações, nota 5, mas o único link que aparece no Google é o Instagram. Um site próprio (mesmo simples) ajuda a converter muito mais quem já gostou do trabalho de vocês. Posso te mandar uma ideia rápida?"
"Agro Pet Ângela Rosa","pet shop","Franca, SP","(16) 99646-6363","https://www.instagram.com/agropetangelarosa/","5","14","70","so_rede_social","não contatado","","Oi! Vi o Agro Pet Ângela Rosa — 14 avaliações, nota 5, mas o único link que aparece no Google é o Instagram. Um site próprio (mesmo simples) ajuda a converter muito mais quem já gostou do trabalho de vocês. Posso te mandar uma ideia rápida?"
"Studio de Beleza Gabriela Guedes","salão de unhas","Franca, SP","(16) 99107-8059","","5","29","70","sem_site","não contatado","","Oi! Vi o Studio de Beleza Gabriela Guedes aqui em Franca — 29 avaliações, nota 5, mas sem site próprio ainda. Isso é cliente indo pra concorrência que aparece primeiro no Google. Faço sites simples e rápidos, com automação de WhatsApp incluída. Posso te mostrar um exemplo de como ficaria o de vocês, sem compromisso?"
"Clayton Moreira- corretor imobiliário","corretoras","Franca, SP","(16) 99282-7193","https://www.instagram.com/claytonmoreira_corretor/","5","1","70","so_rede_social","não contatado","","Oi! Vi o Clayton Moreira- corretor imobiliário — 1 avaliações, nota 5, mas o único link que aparece no Google é o Instagram. Um site próprio (mesmo simples) ajuda a converter muito mais quem já gostou do trabalho de vocês. Posso te mandar uma ideia rápida?"
"Legacy Investimentos","investimentos","Franca, SP","","","","","70","sem_site","não contatado","","Oi! Vi o Legacy Investimentos aqui em Franca — - avaliações, nota -, mas sem site próprio ainda. Isso é cliente indo pra concorrência que aparece primeiro no Google. Faço sites simples e rápidos, com automação de WhatsApp incluída. Posso te mostrar um exemplo de como ficaria o de vocês, sem compromisso?"
"Dra Tatiane Dias - Especialista em Estetica facial Avançada.","estética facial","balneario camburiu , itajai , itapema","(47) 98802-6347","","5","15","70","sem_site","não contatado","","Oi! Vi o Dra Tatiane Dias - Especialista em Estetica facial Avançada. aqui em Franca — 15 avaliações, nota 5, mas sem site próprio ainda. Isso é cliente indo pra concorrência que aparece primeiro no Google. Faço sites simples e rápidos, com automação de WhatsApp incluída. Posso te mostrar um exemplo de como ficaria o de vocês, sem compromisso?"
"Estúdio Belleza - Espaço das unhas","salão de unhas","Franca, SP","(16) 99667-6589","","5","16","70","sem_site","não contatado","","Oi! Vi o Estúdio Belleza - Espaço das unhas aqui em Franca — 16 avaliações, nota 5, mas sem site próprio ainda. Isso é cliente indo pra concorrência que aparece primeiro no Google. Faço sites simples e rápidos, com automação de WhatsApp incluída. Posso te mostrar um exemplo de como ficaria o de vocês, sem compromisso?"
"LIDIAANE CAROLINE NAIL DESIGNER MANICURE E PEDICURE","salão de unhas","Franca, SP","(16) 99161-7835","","5","18","70","sem_site","não contatado","","Oi! Vi o LIDIAANE CAROLINE NAIL DESIGNER MANICURE E PEDICURE aqui em Franca — 18 avaliações, nota 5, mas sem site próprio ainda. Isso é cliente indo pra concorrência que aparece primeiro no Google. Faço sites simples e rápidos, com automação de WhatsApp incluída. Posso te mostrar um exemplo de como ficaria o de vocês, sem compromisso?"
"Esmalteria Áquila Dalelque","salão de unhas","Franca, SP","","https://instagram.com/aquila_dalelque?igshid=OGQ5ZDc2ODk2ZA==","5","4","70","so_rede_social","não contatado","","Oi! Vi o Esmalteria Áquila Dalelque — 4 avaliações, nota 5, mas o único link que aparece no Google é o Instagram. Um site próprio (mesmo simples) ajuda a converter muito mais quem já gostou do trabalho de vocês. Posso te mandar uma ideia rápida?"
"Maria Emília Nail Designer","salão de unhas","Franca, SP","(16) 99281-8998","https://instagram.com/mariaemilia_nail?igshid=MzRlODBiNWFlZA==","5","1","70","so_rede_social","não contatado","","Oi! Vi o Maria Emília Nail Designer — 1 avaliações, nota 5, mas o único link que aparece no Google é o Instagram. Um site próprio (mesmo simples) ajuda a converter muito mais quem já gostou do trabalho de vocês. Posso te mandar uma ideia rápida?"
"Allp Fit Academia | Franca","academia","Franca, SP","","https://www.instagram.com/allpfit.franca","5","4","70","so_rede_social","não contatado","","Oi! Vi o Allp Fit Academia | Franca — 4 avaliações, nota 5, mas o único link que aparece no Google é o Instagram. Um site próprio (mesmo simples) ajuda a converter muito mais quem já gostou do trabalho de vocês. Posso te mandar uma ideia rápida?"
"Espaço Della's Academia","academia","Franca, SP","(16) 99116-5131","https://www.instagram.com/espacodellasacademia?igsh=cmsxY2g1cXVidXlm","5","6","70","so_rede_social","não contatado","","Oi! Vi o Espaço Della's Academia — 6 avaliações, nota 5, mas o único link que aparece no Google é o Instagram. Um site próprio (mesmo simples) ajuda a converter muito mais quem já gostou do trabalho de vocês. Posso te mandar uma ideia rápida?"
"Dra Dyllima Lopes - Harmonização Facial em Franca SP","estética facial","Franca, SP","(35) 99164-3506","https://www.instagram.com/dra.dyllimalopes?igsh=aHM3ZGR1OG85bmJ5&utm_source=qr","5","9","70","so_rede_social","não contatado","","Oi! Vi o Dra Dyllima Lopes - Harmonização Facial em Franca SP — 9 avaliações, nota 5, mas o único link que aparece no Google é o Instagram. Um site próprio (mesmo simples) ajuda a converter muito mais quem já gostou do trabalho de vocês. Posso te mandar uma ideia rápida?"
"Rosângela Unhas Artísticas Manicure Pedicure","salão de unhas","Franca, SP","(16) 99230-5039","","5","15","70","sem_site","não contatado","","Oi! Vi o Rosângela Unhas Artísticas Manicure Pedicure aqui em Franca — 15 avaliações, nota 5, mas sem site próprio ainda. Isso é cliente indo pra concorrência que aparece primeiro no Google. Faço sites simples e rápidos, com automação de WhatsApp incluída. Posso te mostrar um exemplo de como ficaria o de vocês, sem compromisso?"
"Débora Patrícia Unhas Esmalteria","salão de unhas","Franca, SP","","","5","17","70","sem_site","não contatado","","Oi! Vi o Débora Patrícia Unhas Esmalteria aqui em Franca — 17 avaliações, nota 5, mas sem site próprio ainda. Isso é cliente indo pra concorrência que aparece primeiro no Google. Faço sites simples e rápidos, com automação de WhatsApp incluída. Posso te mostrar um exemplo de como ficaria o de vocês, sem compromisso?"
"Dra. Kézia Ferreira | Harmonização Facial em Franca SP","estética facial","Franca, SP","(16) 99376-8640","https://www.instagram.com/dra.keziaferreira?igsh=N3Y3cW1zZjh3dzBs&utm_source=qr","5","14","70","so_rede_social","não contatado","","Oi! Vi o Dra. Kézia Ferreira | Harmonização Facial em Franca SP — 14 avaliações, nota 5, mas o único link que aparece no Google é o Instagram. Um site próprio (mesmo simples) ajuda a converter muito mais quem já gostou do trabalho de vocês. Posso te mandar uma ideia rápida?"
"Day Unhas - Manicure/Pedicure e alongamentos","salão de unhas","Franca, SP","(16) 99187-3179","","5","19","70","sem_site","não contatado","","Oi! Vi o Day Unhas - Manicure/Pedicure e alongamentos aqui em Franca — 19 avaliações, nota 5, mas sem site próprio ainda. Isso é cliente indo pra concorrência que aparece primeiro no Google. Faço sites simples e rápidos, com automação de WhatsApp incluída. Posso te mostrar um exemplo de como ficaria o de vocês, sem compromisso?"
"Amanda Ferreira Nail Studio","salão de unhas","Franca, SP","(16) 99351-6164","","5","16","70","sem_site","não contatado","","Oi! Vi o Amanda Ferreira Nail Studio aqui em Franca — 16 avaliações, nota 5, mas sem site próprio ainda. Isso é cliente indo pra concorrência que aparece primeiro no Google. Faço sites simples e rápidos, com automação de WhatsApp incluída. Posso te mostrar um exemplo de como ficaria o de vocês, sem compromisso?"
"Dra. Fernanda Becari | Estética Avançada","estética facial","Franca, SP","(16) 98223-1279","","5","18","70","sem_site","não contatado","","Oi! Vi o Dra. Fernanda Becari | Estética Avançada aqui em Franca — 18 avaliações, nota 5, mas sem site próprio ainda. Isso é cliente indo pra concorrência que aparece primeiro no Google. Faço sites simples e rápidos, com automação de WhatsApp incluída. Posso te mostrar um exemplo de como ficaria o de vocês, sem compromisso?"
"Clínica Vivense | Estética | Facial e Íntimo | Ozônio | Flacidez Off | Botox | Preenchimento Labial | Ultraformer MPT","estética facial","balneario camburiu , itajai , itapema","(47) 99103-3073","","5","15","70","sem_site","não contatado","","Oi! Vi o Clínica Vivense | Estética | Facial e Íntimo | Ozônio | Flacidez Off | Botox | Preenchimento Labial | Ultraformer MPT aqui em Franca — 15 avaliações, nota 5, mas sem site próprio ainda. Isso é cliente indo pra concorrência que aparece primeiro no Google. Faço sites simples e rápidos, com automação de WhatsApp incluída. Posso te mostrar um exemplo de como ficaria o de vocês, sem compromisso?"
"Thais Lima Alongamento de unha","salão de unhas","itapema","(47) 98872-2937","","4.9","21","70","sem_site","não contatado","","Oi! Vi o Thais Lima Alongamento de unha aqui em Franca — 21 avaliações, nota 4.9, mas sem site próprio ainda. Isso é cliente indo pra concorrência que aparece primeiro no Google. Faço sites simples e rápidos, com automação de WhatsApp incluída. Posso te mostrar um exemplo de como ficaria o de vocês, sem compromisso?"
"Hamger Burger","hamburgueria","itapema","(47) 99961-4785","http://www.instagram.com/hamger.burger","5","2","70","so_rede_social","não contatado","","Oi! Vi o Hamger Burger — 2 avaliações, nota 5, mas o único link que aparece no Google é o Instagram. Um site próprio (mesmo simples) ajuda a converter muito mais quem já gostou do trabalho de vocês. Posso te mandar uma ideia rápida?"
"Dra Lilyana Montanarin","estética facial","itapema","(47) 99927-2944","","5","20","70","sem_site","não contatado","","Oi! Vi o Dra Lilyana Montanarin aqui em Franca — 20 avaliações, nota 5, mas sem site próprio ainda. Isso é cliente indo pra concorrência que aparece primeiro no Google. Faço sites simples e rápidos, com automação de WhatsApp incluída. Posso te mostrar um exemplo de como ficaria o de vocês, sem compromisso?"
"Farah Clinic - Harmonização Facial Itapema","estética facial","itapema","(47) 98880-1110","https://www.instagram.com/farah.dra","5","10","70","so_rede_social","não contatado","","Oi! Vi o Farah Clinic - Harmonização Facial Itapema — 10 avaliações, nota 5, mas o único link que aparece no Google é o Instagram. Um site próprio (mesmo simples) ajuda a converter muito mais quem já gostou do trabalho de vocês. Posso te mandar uma ideia rápida?"
"Oh My Dog","pet shop","itapema","(47) 99254-3267","","4.8","22","70","sem_site","não contatado","","Oi! Vi o Oh My Dog aqui em Franca — 22 avaliações, nota 4.8, mas sem site próprio ainda. Isso é cliente indo pra concorrência que aparece primeiro no Google. Faço sites simples e rápidos, com automação de WhatsApp incluída. Posso te mostrar um exemplo de como ficaria o de vocês, sem compromisso?"
"Agessani & Corretores Associados","corretoras","Franca, SP","(16) 99449-9804","http://agessani.com/","5","2","60","so_rede_social","não contatado","","Oi! Vi o Agessani & Corretores Associados — 2 avaliações, nota 5, mas o único link que aparece no Google é o Instagram. Um site próprio (mesmo simples) ajuda a converter muito mais quem já gostou do trabalho de vocês. Posso te mandar uma ideia rápida?"
"Terracotta Investimentos","investimentos","Franca, SP","(16) 4042-1682","http://www.terracottainvest.com.br/","4.7","12","60","so_rede_social","não contatado","","Oi! Vi o Terracotta Investimentos — 12 avaliações, nota 4.7, mas o único link que aparece no Google é o Instagram. Um site próprio (mesmo simples) ajuda a converter muito mais quem já gostou do trabalho de vocês. Posso te mandar uma ideia rápida?"
"Grupo WLC","investimentos","Franca, SP","(16) 3402-8612","http://www.corretorawlc.com.br/","5","1","60","so_rede_social","não contatado","","Oi! Vi o Grupo WLC — 1 avaliações, nota 5, mas o único link que aparece no Google é o Instagram. Um site próprio (mesmo simples) ajuda a converter muito mais quem já gostou do trabalho de vocês. Posso te mandar uma ideia rápida?"
"MIL PAGAMENTOS A&A","investimentos","Franca, SP","(16) 99146-6401","http://milpagamentosaa.blogspot.com/","5","1","60","so_rede_social","não contatado","","Oi! Vi o MIL PAGAMENTOS A&A — 1 avaliações, nota 5, mas o único link que aparece no Google é o Instagram. Um site próprio (mesmo simples) ajuda a converter muito mais quem já gostou do trabalho de vocês. Posso te mandar uma ideia rápida?"
"kêmili Domenes Nails Designer","salão de unhas","Franca, SP","(16) 99999-0732","","4.9","38","55","sem_site","não contatado","","Oi! Vi o kêmili Domenes Nails Designer aqui em Franca — 38 avaliações, nota 4.9, mas sem site próprio ainda. Isso é cliente indo pra concorrência que aparece primeiro no Google. Faço sites simples e rápidos, com automação de WhatsApp incluída. Posso te mostrar um exemplo de como ficaria o de vocês, sem compromisso?"
"Espaço Luciana Reis","salão de unhas","Franca, SP","(16) 99141-6453","","5","31","55","sem_site","não contatado","","Oi! Vi o Espaço Luciana Reis aqui em Franca — 31 avaliações, nota 5, mas sem site próprio ainda. Isso é cliente indo pra concorrência que aparece primeiro no Google. Faço sites simples e rápidos, com automação de WhatsApp incluída. Posso te mostrar um exemplo de como ficaria o de vocês, sem compromisso?"
"Boareto barbershop","barbearia","Franca, SP","(16) 99166-4243","","5","46","55","sem_site","não contatado","","Oi! Vi o Boareto barbershop aqui em Franca — 46 avaliações, nota 5, mas sem site próprio ainda. Isso é cliente indo pra concorrência que aparece primeiro no Google. Faço sites simples e rápidos, com automação de WhatsApp incluída. Posso te mostrar um exemplo de como ficaria o de vocês, sem compromisso?"
"The Vikings Barbearia","barbearia","Franca, SP","(16) 99126-8393","","4.9","42","55","sem_site","não contatado","","Oi! Vi o The Vikings Barbearia aqui em Franca — 42 avaliações, nota 4.9, mas sem site próprio ainda. Isso é cliente indo pra concorrência que aparece primeiro no Google. Faço sites simples e rápidos, com automação de WhatsApp incluída. Posso te mostrar um exemplo de como ficaria o de vocês, sem compromisso?"
"Visage Face - Harmonização facial em Franca SP","estética facial","Franca, SP","(16) 99989-8369","","5","30","55","sem_site","não contatado","","Oi! Vi o Visage Face - Harmonização facial em Franca SP aqui em Franca — 30 avaliações, nota 5, mas sem site próprio ainda. Isso é cliente indo pra concorrência que aparece primeiro no Google. Faço sites simples e rápidos, com automação de WhatsApp incluída. Posso te mostrar um exemplo de como ficaria o de vocês, sem compromisso?"
"Régis Augusto - Corretor de imóveis","corretoras","Franca, SP","(16) 99978-7749","https://www.instagram.com/regispermuta/","5","28","55","so_rede_social","não contatado","","Oi! Vi o Régis Augusto - Corretor de imóveis — 28 avaliações, nota 5, mas o único link que aparece no Google é o Instagram. Um site próprio (mesmo simples) ajuda a converter muito mais quem já gostou do trabalho de vocês. Posso te mandar uma ideia rápida?"
"Cairo Corretora de Seguros","corretoras","Franca, SP","(16) 3722-0053","","4.8","39","55","sem_site","não contatado","","Oi! Vi o Cairo Corretora de Seguros aqui em Franca — 39 avaliações, nota 4.8, mas sem site próprio ainda. Isso é cliente indo pra concorrência que aparece primeiro no Google. Faço sites simples e rápidos, com automação de WhatsApp incluída. Posso te mostrar um exemplo de como ficaria o de vocês, sem compromisso?"
"UNHAS DA LU - Alongamento de unhas","salão de unhas","balneario camburiu , itajai , itapema","(47) 99904-8090","https://www.instagram.com/unhasda_lu_?igsh=enN6ZTNpZHQxMm5j&utm_source=qr","5","26","55","so_rede_social","não contatado","","Oi! Vi o UNHAS DA LU - Alongamento de unhas — 26 avaliações, nota 5, mas o único link que aparece no Google é o Instagram. Um site próprio (mesmo simples) ajuda a converter muito mais quem já gostou do trabalho de vocês. Posso te mandar uma ideia rápida?"
"Manicure Balneário Camboriú","salão de unhas","balneario camburiu , itajai , itapema","(47) 99685-2549","https://www.instagram.com/lorenanaillsdesign?igsh=cHc3OWRjeG0wOXJ0","5","20","55","so_rede_social","não contatado","","Oi! Vi o Manicure Balneário Camboriú — 20 avaliações, nota 5, mas o único link que aparece no Google é o Instagram. Um site próprio (mesmo simples) ajuda a converter muito mais quem já gostou do trabalho de vocês. Posso te mandar uma ideia rápida?"
"Diana unhas de fibra de vidro e esmaltação em gel","salão de unhas","balneario camburiu , itajai , itapema","(47) 99970-0760","","5","33","55","sem_site","não contatado","","Oi! Vi o Diana unhas de fibra de vidro e esmaltação em gel aqui em Franca — 33 avaliações, nota 5, mas sem site próprio ainda. Isso é cliente indo pra concorrência que aparece primeiro no Google. Faço sites simples e rápidos, com automação de WhatsApp incluída. Posso te mostrar um exemplo de como ficaria o de vocês, sem compromisso?"
"Unhas By Karla - Unhas de gel - Manicure e Pedicure - Franca SP","salão de unhas","Franca, SP","(16) 98801-5150","https://www.instagram.com/unhasbykarla?igshid=YzAwZjE1ZTI0Zg==","5","16","55","so_rede_social","não contatado","","Oi! Vi o Unhas By Karla - Unhas de gel - Manicure e Pedicure - Franca SP — 16 avaliações, nota 5, mas o único link que aparece no Google é o Instagram. Um site próprio (mesmo simples) ajuda a converter muito mais quem já gostou do trabalho de vocês. Posso te mandar uma ideia rápida?"
"S3 FITNESS","academia","Franca, SP","(16) 3402-8685","","4.6","39","55","sem_site","não contatado","","Oi! Vi o S3 FITNESS aqui em Franca — 39 avaliações, nota 4.6, mas sem site próprio ainda. Isso é cliente indo pra concorrência que aparece primeiro no Google. Faço sites simples e rápidos, com automação de WhatsApp incluída. Posso te mostrar um exemplo de como ficaria o de vocês, sem compromisso?"
"Clínica Essencial Estética Avançada","estética facial","Franca, SP","(16) 99407-1646","https://www.instagram.com/clinicaessencialfranca/","5","21","55","so_rede_social","não contatado","","Oi! Vi o Clínica Essencial Estética Avançada — 21 avaliações, nota 5, mas o único link que aparece no Google é o Instagram. Um site próprio (mesmo simples) ajuda a converter muito mais quem já gostou do trabalho de vocês. Posso te mandar uma ideia rápida?"
"Bulldogão Pet Shop","pet shop","Franca, SP","(16) 99191-8695","","5","43","55","sem_site","não contatado","","Oi! Vi o Bulldogão Pet Shop aqui em Franca — 43 avaliações, nota 5, mas sem site próprio ainda. Isso é cliente indo pra concorrência que aparece primeiro no Google. Faço sites simples e rápidos, com automação de WhatsApp incluída. Posso te mostrar um exemplo de como ficaria o de vocês, sem compromisso?"
"Agrofran PetShop","pet shop","Franca, SP","(16) 99972-8552","","4.9","48","55","sem_site","não contatado","","Oi! Vi o Agrofran PetShop aqui em Franca — 48 avaliações, nota 4.9, mas sem site próprio ainda. Isso é cliente indo pra concorrência que aparece primeiro no Google. Faço sites simples e rápidos, com automação de WhatsApp incluída. Posso te mostrar um exemplo de como ficaria o de vocês, sem compromisso?"
"Lenir Efigenio Estética corporal facial e depilação","estética facial","Franca, SP","(16) 99188-3946","","5","34","55","sem_site","não contatado","","Oi! Vi o Lenir Efigenio Estética corporal facial e depilação aqui em Franca — 34 avaliações, nota 5, mas sem site próprio ainda. Isso é cliente indo pra concorrência que aparece primeiro no Google. Faço sites simples e rápidos, com automação de WhatsApp incluída. Posso te mostrar um exemplo de como ficaria o de vocês, sem compromisso?"
"Academia Fit Life - Franca","academia","Franca, SP","(16) 99244-0993","","5","44","55","sem_site","não contatado","","Oi! Vi o Academia Fit Life - Franca aqui em Franca — 44 avaliações, nota 5, mas sem site próprio ainda. Isso é cliente indo pra concorrência que aparece primeiro no Google. Faço sites simples e rápidos, com automação de WhatsApp incluída. Posso te mostrar um exemplo de como ficaria o de vocês, sem compromisso?"
"Clínica Estética Virtuosa - Franca","estética facial","Franca, SP","(16) 99999-1723","","4.9","46","55","sem_site","não contatado","","Oi! Vi o Clínica Estética Virtuosa - Franca aqui em Franca — 46 avaliações, nota 4.9, mas sem site próprio ainda. Isso é cliente indo pra concorrência que aparece primeiro no Google. Faço sites simples e rápidos, com automação de WhatsApp incluída. Posso te mostrar um exemplo de como ficaria o de vocês, sem compromisso?"
"Academia do Alemão","academia","Franca, SP","(16) 99142-7220","","5","49","55","sem_site","não contatado","","Oi! Vi o Academia do Alemão aqui em Franca — 49 avaliações, nota 5, mas sem site próprio ainda. Isso é cliente indo pra concorrência que aparece primeiro no Google. Faço sites simples e rápidos, com automação de WhatsApp incluída. Posso te mostrar um exemplo de como ficaria o de vocês, sem compromisso?"
"Agro+pet a casa do criador","pet shop","Franca, SP","(16) 99121-2359","","5","42","55","sem_site","não contatado","","Oi! Vi o Agro+pet a casa do criador aqui em Franca — 42 avaliações, nota 5, mas sem site próprio ainda. Isso é cliente indo pra concorrência que aparece primeiro no Google. Faço sites simples e rápidos, com automação de WhatsApp incluída. Posso te mostrar um exemplo de como ficaria o de vocês, sem compromisso?"
"Banho e tosa Balneário Camboriú","pet shop","balneario camburiu , itajai , itapema","(47) 99672-2854","","5","45","55","sem_site","não contatado","","Oi! Vi o Banho e tosa Balneário Camboriú aqui em Franca — 45 avaliações, nota 5, mas sem site próprio ainda. Isso é cliente indo pra concorrência que aparece primeiro no Google. Faço sites simples e rápidos, com automação de WhatsApp incluída. Posso te mostrar um exemplo de como ficaria o de vocês, sem compromisso?"
"Kananda Jost Esmalteria","salão de unhas","itapema","(54) 99220-7495","","5","36","55","sem_site","não contatado","","Oi! Vi o Kananda Jost Esmalteria aqui em Franca — 36 avaliações, nota 5, mas sem site próprio ainda. Isso é cliente indo pra concorrência que aparece primeiro no Google. Faço sites simples e rápidos, com automação de WhatsApp incluída. Posso te mostrar um exemplo de como ficaria o de vocês, sem compromisso?"
"SELAH BEAUTY CO. - Gabriela Ferreira Manicure Itapema","salão de unhas","itapema","(47) 99613-9878","https://www.instagram.com/gabrielaf.nails/","5","16","55","so_rede_social","não contatado","","Oi! Vi o SELAH BEAUTY CO. - Gabriela Ferreira Manicure Itapema — 16 avaliações, nota 5, mas o único link que aparece no Google é o Instagram. Um site próprio (mesmo simples) ajuda a converter muito mais quem já gostou do trabalho de vocês. Posso te mandar uma ideia rápida?"
"Unhas da Adri💅","salão de unhas","itapema","(47) 99759-1766","https://www.instagram.com/adricunha.nail/profilecard/?igsh=MTZkcDZrd28xYTZtbw==","5","27","55","so_rede_social","não contatado","","Oi! Vi o Unhas da Adri💅 — 27 avaliações, nota 5, mas o único link que aparece no Google é o Instagram. Um site próprio (mesmo simples) ajuda a converter muito mais quem já gostou do trabalho de vocês. Posso te mandar uma ideia rápida?"
"Jessy Carneiro Nail Designer","salão de unhas","itapema","(21) 97900-8917","https://www.instagram.com/jessycarneironails?igsh=MTV0N2wyMGpoMjkwdg==","5","26","55","so_rede_social","não contatado","","Oi! Vi o Jessy Carneiro Nail Designer — 26 avaliações, nota 5, mas o único link que aparece no Google é o Instagram. Um site próprio (mesmo simples) ajuda a converter muito mais quem já gostou do trabalho de vocês. Posso te mandar uma ideia rápida?"
"Nails da Pam | Cursos & Mentoria de unhas","salão de unhas","itapema","(47) 99738-1818","https://www.instagram.com/nailsdapam?igsh=MTdoM3NnMnZrcmlpMQ==","5","15","55","so_rede_social","não contatado","","Oi! Vi o Nails da Pam | Cursos & Mentoria de unhas — 15 avaliações, nota 5, mas o único link que aparece no Google é o Instagram. Um site próprio (mesmo simples) ajuda a converter muito mais quem já gostou do trabalho de vocês. Posso te mandar uma ideia rápida?"
"Barbearia Don Oliveira","barbearia","itapema","(47) 99244-0263","","5","43","55","sem_site","não contatado","","Oi! Vi o Barbearia Don Oliveira aqui em Franca — 43 avaliações, nota 5, mas sem site próprio ainda. Isso é cliente indo pra concorrência que aparece primeiro no Google. Faço sites simples e rápidos, com automação de WhatsApp incluída. Posso te mostrar um exemplo de como ficaria o de vocês, sem compromisso?"
"Brizolla Barbearia e Visagismo","barbearia","itapema","(48) 98873-1019","","5","37","55","sem_site","não contatado","","Oi! Vi o Brizolla Barbearia e Visagismo aqui em Franca — 37 avaliações, nota 5, mas sem site próprio ainda. Isso é cliente indo pra concorrência que aparece primeiro no Google. Faço sites simples e rápidos, com automação de WhatsApp incluída. Posso te mostrar um exemplo de como ficaria o de vocês, sem compromisso?"
"Build Studio - Meia Praia","academia","itapema","(47) 99760-0989","","4.8","40","55","sem_site","não contatado","","Oi! Vi o Build Studio - Meia Praia aqui em Franca — 40 avaliações, nota 4.8, mas sem site próprio ainda. Isso é cliente indo pra concorrência que aparece primeiro no Google. Faço sites simples e rápidos, com automação de WhatsApp incluída. Posso te mostrar um exemplo de como ficaria o de vocês, sem compromisso?"
"Dra. Micaela Floriani – Harmonização Facial em Itapema","estética facial","itapema","(48) 99168-0853","https://www.instagram.com/dramicaelafloriani?igsh=dDlzZTY2eGlraTQ0&utm_source=qr","5","25","55","so_rede_social","não contatado","","Oi! Vi o Dra. Micaela Floriani – Harmonização Facial em Itapema — 25 avaliações, nota 5, mas o único link que aparece no Google é o Instagram. Um site próprio (mesmo simples) ajuda a converter muito mais quem já gostou do trabalho de vocês. Posso te mandar uma ideia rápida?"
"Clínica Dra Amanda Lermen","estética facial","itapema","","https://www.instagram.com/dra.amandalermen?igsh=MWtiMDB5eHI4d2FscQ%3D%3D&utm_source=qr","5","18","55","so_rede_social","não contatado","","Oi! Vi o Clínica Dra Amanda Lermen — 18 avaliações, nota 5, mas o único link que aparece no Google é o Instagram. Um site próprio (mesmo simples) ajuda a converter muito mais quem já gostou do trabalho de vocês. Posso te mandar uma ideia rápida?"
"Dra Franciele Hennicka","estética facial","itapema","(45) 99952-2592","","5","44","55","sem_site","não contatado","","Oi! Vi o Dra Franciele Hennicka aqui em Franca — 44 avaliações, nota 5, mas sem site próprio ainda. Isso é cliente indo pra concorrência que aparece primeiro no Google. Faço sites simples e rápidos, com automação de WhatsApp incluída. Posso te mostrar um exemplo de como ficaria o de vocês, sem compromisso?"
"Clínica Dra Josiane Costa Harmonização Facial e Corporal","estética facial","itapema","(47) 99998-5407","","4.7","39","55","sem_site","não contatado","","Oi! Vi o Clínica Dra Josiane Costa Harmonização Facial e Corporal aqui em Franca — 39 avaliações, nota 4.7, mas sem site próprio ainda. Isso é cliente indo pra concorrência que aparece primeiro no Google. Faço sites simples e rápidos, com automação de WhatsApp incluída. Posso te mostrar um exemplo de como ficaria o de vocês, sem compromisso?"
"Dra. Bruna Larissa | Harmonização Facial Itapema","estética facial","itapema","(47) 99236-1355","https://www.instagram.com/dra.brunalarissab?igsh=cDdiZTloOWR1OGFl&utm_source=qr","5","28","55","so_rede_social","não contatado","","Oi! Vi o Dra. Bruna Larissa | Harmonização Facial Itapema — 28 avaliações, nota 5, mas o único link que aparece no Google é o Instagram. Um site próprio (mesmo simples) ajuda a converter muito mais quem já gostou do trabalho de vocês. Posso te mandar uma ideia rápida?"
"My Pets Pet Shop","pet shop","itapema","","https://www.facebook.com/petshop.mypets","4.6","15","55","so_rede_social","não contatado","","Oi! Vi o My Pets Pet Shop — 15 avaliações, nota 4.6, mas o único link que aparece no Google é o Instagram. Um site próprio (mesmo simples) ajuda a converter muito mais quem já gostou do trabalho de vocês. Posso te mandar uma ideia rápida?"
"Patas de Mel | Banho e Tosa em Meia Praia | Pet Shop Itapema","pet shop","itapema","(54) 99637-1120","","5","43","55","sem_site","não contatado","","Oi! Vi o Patas de Mel | Banho e Tosa em Meia Praia | Pet Shop Itapema aqui em Franca — 43 avaliações, nota 5, mas sem site próprio ainda. Isso é cliente indo pra concorrência que aparece primeiro no Google. Faço sites simples e rápidos, com automação de WhatsApp incluída. Posso te mostrar um exemplo de como ficaria o de vocês, sem compromisso?"
"Amor de Pet - Banho e Tosa","pet shop","itapema","(47) 99119-4514","https://instagram.com/amordepetshop.itp?utm_medium=copy_link","5","27","55","so_rede_social","não contatado","","Oi! Vi o Amor de Pet - Banho e Tosa — 27 avaliações, nota 5, mas o único link que aparece no Google é o Instagram. Um site próprio (mesmo simples) ajuda a converter muito mais quem já gostou do trabalho de vocês. Posso te mandar uma ideia rápida?"
"Pet Mel Pet Shop - Hotel de Cachorro","pet shop","itapema","(47) 99981-8599","https://www.facebook.com/petmel.com.br?mibextid=ZbWKwL","4.8","17","55","so_rede_social","não contatado","","Oi! Vi o Pet Mel Pet Shop - Hotel de Cachorro — 17 avaliações, nota 4.8, mas o único link que aparece no Google é o Instagram. Um site próprio (mesmo simples) ajuda a converter muito mais quem já gostou do trabalho de vocês. Posso te mandar uma ideia rápida?"
"Madalena’s Gastro Bar","Bares","itapema","(47) 98844-4727","","4.7","39","55","sem_site","não contatado","","Oi! Vi o Madalena’s Gastro Bar aqui em Franca — 39 avaliações, nota 4.7, mas sem site próprio ainda. Isso é cliente indo pra concorrência que aparece primeiro no Google. Faço sites simples e rápidos, com automação de WhatsApp incluída. Posso te mostrar um exemplo de como ficaria o de vocês, sem compromisso?"
"Vintage Barbearia","barbearia","Ribeirão Preto, SP","(16) 99366-7238","","5","68","45","sem_site","não contatado","","Oi! Vi o Vintage Barbearia aqui em Franca — 68 avaliações, nota 5, mas sem site próprio ainda. Isso é cliente indo pra concorrência que aparece primeiro no Google. Faço sites simples e rápidos, com automação de WhatsApp incluída. Posso te mostrar um exemplo de como ficaria o de vocês, sem compromisso?"
"Caio Rodrigues Barbearia ️","barbearia","Franca, SP","(16) 99219-5968","","4.8","67","45","sem_site","não contatado","","Oi! Vi o Caio Rodrigues Barbearia ️ aqui em Franca — 67 avaliações, nota 4.8, mas sem site próprio ainda. Isso é cliente indo pra concorrência que aparece primeiro no Google. Faço sites simples e rápidos, com automação de WhatsApp incluída. Posso te mostrar um exemplo de como ficaria o de vocês, sem compromisso?"
"Barbearia West Side","barbearia","Franca, SP","(16) 99305-2907","","5","104","45","sem_site","não contatado","","Oi! Vi o Barbearia West Side aqui em Franca — 104 avaliações, nota 5, mas sem site próprio ainda. Isso é cliente indo pra concorrência que aparece primeiro no Google. Faço sites simples e rápidos, com automação de WhatsApp incluída. Posso te mostrar um exemplo de como ficaria o de vocês, sem compromisso?"
"Hamburgueria Don Diego","hamburgueria","Franca, SP","(16) 99183-3621","","4.6","263","45","sem_site","não contatado","","Oi! Vi o Hamburgueria Don Diego aqui em Franca — 263 avaliações, nota 4.6, mas sem site próprio ainda. Isso é cliente indo pra concorrência que aparece primeiro no Google. Faço sites simples e rápidos, com automação de WhatsApp incluída. Posso te mostrar um exemplo de como ficaria o de vocês, sem compromisso?"
"Chic 10","hamburgueria","Franca, SP","(16) 3702-2226","","4.5","973","45","sem_site","não contatado","","Oi! Vi o Chic 10 aqui em Franca — 973 avaliações, nota 4.5, mas sem site próprio ainda. Isso é cliente indo pra concorrência que aparece primeiro no Google. Faço sites simples e rápidos, com automação de WhatsApp incluída. Posso te mostrar um exemplo de como ficaria o de vocês, sem compromisso?"
"Saúde e Movimento - Academia Feminina","academia","Franca, SP","(16) 99441-1606","","4.8","65","45","sem_site","não contatado","","Oi! Vi o Saúde e Movimento - Academia Feminina aqui em Franca — 65 avaliações, nota 4.8, mas sem site próprio ainda. Isso é cliente indo pra concorrência que aparece primeiro no Google. Faço sites simples e rápidos, com automação de WhatsApp incluída. Posso te mostrar um exemplo de como ficaria o de vocês, sem compromisso?"
"Renno Clín - Harmonização e rejuvenescimento facial.","estética facial","Franca, SP","(16) 99313-1761","","5","136","45","sem_site","não contatado","","Oi! Vi o Renno Clín - Harmonização e rejuvenescimento facial. aqui em Franca — 136 avaliações, nota 5, mas sem site próprio ainda. Isso é cliente indo pra concorrência que aparece primeiro no Google. Faço sites simples e rápidos, com automação de WhatsApp incluída. Posso te mostrar um exemplo de como ficaria o de vocês, sem compromisso?"
"Pedreira's Burguer","hamburgueria","balneario camburiu , itajai , itapema","(47) 3065-0585","","5","1390","45","sem_site","não contatado","","Oi! Vi o Pedreira's Burguer aqui em Franca — 1390 avaliações, nota 5, mas sem site próprio ainda. Isso é cliente indo pra concorrência que aparece primeiro no Google. Faço sites simples e rápidos, com automação de WhatsApp incluída. Posso te mostrar um exemplo de como ficaria o de vocês, sem compromisso?"
"Hamburgueria Alameda","hamburgueria","Franca, SP","(16) 3406-6201","","4.7","708","45","sem_site","não contatado","","Oi! Vi o Hamburgueria Alameda aqui em Franca — 708 avaliações, nota 4.7, mas sem site próprio ainda. Isso é cliente indo pra concorrência que aparece primeiro no Google. Faço sites simples e rápidos, com automação de WhatsApp incluída. Posso te mostrar um exemplo de como ficaria o de vocês, sem compromisso?"
"Evolução Fitness","academia","Franca, SP","(16) 3939-6016","","4.7","480","45","sem_site","não contatado","","Oi! Vi o Evolução Fitness aqui em Franca — 480 avaliações, nota 4.7, mas sem site próprio ainda. Isso é cliente indo pra concorrência que aparece primeiro no Google. Faço sites simples e rápidos, com automação de WhatsApp incluída. Posso te mostrar um exemplo de como ficaria o de vocês, sem compromisso?"
"É Burger - Hamburgueria","hamburgueria","balneario camburiu , itajai , itapema","(47) 99264-2601","","4.7","316","45","sem_site","não contatado","","Oi! Vi o É Burger - Hamburgueria aqui em Franca — 316 avaliações, nota 4.7, mas sem site próprio ainda. Isso é cliente indo pra concorrência que aparece primeiro no Google. Faço sites simples e rápidos, com automação de WhatsApp incluída. Posso te mostrar um exemplo de como ficaria o de vocês, sem compromisso?"
"Centro de Beleza Elaine Alvarenga - Franca SP","salão de unhas","Franca, SP","(16) 99364-7206","","4.9","86","45","sem_site","não contatado","","Oi! Vi o Centro de Beleza Elaine Alvarenga - Franca SP aqui em Franca — 86 avaliações, nota 4.9, mas sem site próprio ainda. Isso é cliente indo pra concorrência que aparece primeiro no Google. Faço sites simples e rápidos, com automação de WhatsApp incluída. Posso te mostrar um exemplo de como ficaria o de vocês, sem compromisso?"
"Clínica Especializada Dra. Franciela Costa","estética facial","Franca, SP","(16) 99643-8558","","5","96","45","sem_site","não contatado","","Oi! Vi o Clínica Especializada Dra. Franciela Costa aqui em Franca — 96 avaliações, nota 5, mas sem site próprio ainda. Isso é cliente indo pra concorrência que aparece primeiro no Google. Faço sites simples e rápidos, com automação de WhatsApp incluída. Posso te mostrar um exemplo de como ficaria o de vocês, sem compromisso?"
"Guilherme Castaldi Corretor de Imóveis","corretoras","Franca, SP","(16) 3939-3103","http://guilhermecastaldi.com.br/","4.7","28","45","so_rede_social","não contatado","","Oi! Vi o Guilherme Castaldi Corretor de Imóveis — 28 avaliações, nota 4.7, mas o único link que aparece no Google é o Instagram. Um site próprio (mesmo simples) ajuda a converter muito mais quem já gostou do trabalho de vocês. Posso te mandar uma ideia rápida?"
"MANCHESTER INVESTIMENTOS | Filial Franca - Agente Autônomo Credenciado à XP Investimentos","investimentos","Franca, SP","","http://www.manchesterinvest.com.br/","","","45","so_rede_social","não contatado","","Oi! Vi o MANCHESTER INVESTIMENTOS | Filial Franca - Agente Autônomo Credenciado à XP Investimentos — - avaliações, nota -, mas o único link que aparece no Google é o Instagram. Um site próprio (mesmo simples) ajuda a converter muito mais quem já gostou do trabalho de vocês. Posso te mandar uma ideia rápida?"
"LKFCRED","investimentos","Franca, SP","(16) 99123-7114","","5","62","45","sem_site","não contatado","","Oi! Vi o LKFCRED aqui em Franca — 62 avaliações, nota 5, mas sem site próprio ainda. Isso é cliente indo pra concorrência que aparece primeiro no Google. Faço sites simples e rápidos, com automação de WhatsApp incluída. Posso te mostrar um exemplo de como ficaria o de vocês, sem compromisso?"
"MK-Tech - Gym Center","academia","itapema","(47) 99197-4759","","4.9","51","45","sem_site","não contatado","","Oi! Vi o MK-Tech - Gym Center aqui em Franca — 51 avaliações, nota 4.9, mas sem site próprio ainda. Isso é cliente indo pra concorrência que aparece primeiro no Google. Faço sites simples e rápidos, com automação de WhatsApp incluída. Posso te mostrar um exemplo de como ficaria o de vocês, sem compromisso?"
"💪Academia UFit Itapema - Alto São Bento","academia","itapema","(47) 99636-1730","","4.8","329","45","sem_site","não contatado","","Oi! Vi o 💪Academia UFit Itapema - Alto São Bento aqui em Franca — 329 avaliações, nota 4.8, mas sem site próprio ainda. Isso é cliente indo pra concorrência que aparece primeiro no Google. Faço sites simples e rápidos, com automação de WhatsApp incluída. Posso te mostrar um exemplo de como ficaria o de vocês, sem compromisso?"
"Nay Esmalteria","salão de unhas","balneario camburiu , itajai , itapema","(47) 3311-1088","","4.9","204","45","sem_site","não contatado","","Oi! Vi o Nay Esmalteria aqui em Franca — 204 avaliações, nota 4.9, mas sem site próprio ainda. Isso é cliente indo pra concorrência que aparece primeiro no Google. Faço sites simples e rápidos, com automação de WhatsApp incluída. Posso te mostrar um exemplo de como ficaria o de vocês, sem compromisso?"
"Nay Esmalteria","salão de unhas","itapema","(48) 3197-2040","","5","319","45","sem_site","não contatado","","Oi! Vi o Nay Esmalteria aqui em Franca — 319 avaliações, nota 5, mas sem site próprio ainda. Isso é cliente indo pra concorrência que aparece primeiro no Google. Faço sites simples e rápidos, com automação de WhatsApp incluída. Posso te mostrar um exemplo de como ficaria o de vocês, sem compromisso?"
"Xis Dogueria - Hamburguer Artesanal, Hot Dog, Porções","hamburgueria","Franca, SP","(16) 99386-4826","","4.6","153","45","sem_site","não contatado","","Oi! Vi o Xis Dogueria - Hamburguer Artesanal, Hot Dog, Porções aqui em Franca — 153 avaliações, nota 4.6, mas sem site próprio ainda. Isso é cliente indo pra concorrência que aparece primeiro no Google. Faço sites simples e rápidos, com automação de WhatsApp incluída. Posso te mostrar um exemplo de como ficaria o de vocês, sem compromisso?"
"Chic 10 Lanches","hamburgueria","Franca, SP","(16) 3702-4791","","4.5","1373","45","sem_site","não contatado","","Oi! Vi o Chic 10 Lanches aqui em Franca — 1373 avaliações, nota 4.5, mas sem site próprio ainda. Isso é cliente indo pra concorrência que aparece primeiro no Google. Faço sites simples e rápidos, com automação de WhatsApp incluída. Posso te mostrar um exemplo de como ficaria o de vocês, sem compromisso?"
"Moraes Barbearia","barbearia","balneario camburiu , itajai , itapema","(47) 99645-4658","","4.8","455","45","sem_site","não contatado","","Oi! Vi o Moraes Barbearia aqui em Franca — 455 avaliações, nota 4.8, mas sem site próprio ainda. Isso é cliente indo pra concorrência que aparece primeiro no Google. Faço sites simples e rápidos, com automação de WhatsApp incluída. Posso te mostrar um exemplo de como ficaria o de vocês, sem compromisso?"
"Jéssica Reche Nail Designer","salão de unhas","Franca, SP","(16) 99158-7653","","4.8","55","45","sem_site","não contatado","","Oi! Vi o Jéssica Reche Nail Designer aqui em Franca — 55 avaliações, nota 4.8, mas sem site próprio ainda. Isso é cliente indo pra concorrência que aparece primeiro no Google. Faço sites simples e rápidos, com automação de WhatsApp incluída. Posso te mostrar um exemplo de como ficaria o de vocês, sem compromisso?"
"Barbearia Gringa FRANCA","barbearia","Franca, SP","(16) 99260-0157","","5","108","45","sem_site","não contatado","","Oi! Vi o Barbearia Gringa FRANCA aqui em Franca — 108 avaliações, nota 5, mas sem site próprio ainda. Isso é cliente indo pra concorrência que aparece primeiro no Google. Faço sites simples e rápidos, com automação de WhatsApp incluída. Posso te mostrar um exemplo de como ficaria o de vocês, sem compromisso?"
"Barbearia Guiraldelli","barbearia","Franca, SP","(16) 99346-4880","","5","78","45","sem_site","não contatado","","Oi! Vi o Barbearia Guiraldelli aqui em Franca — 78 avaliações, nota 5, mas sem site próprio ainda. Isso é cliente indo pra concorrência que aparece primeiro no Google. Faço sites simples e rápidos, com automação de WhatsApp incluída. Posso te mostrar um exemplo de como ficaria o de vocês, sem compromisso?"
"Barbearia Chico Júlio","barbearia","Franca, SP","(16) 99138-0565","","4.7","101","45","sem_site","não contatado","","Oi! Vi o Barbearia Chico Júlio aqui em Franca — 101 avaliações, nota 4.7, mas sem site próprio ainda. Isso é cliente indo pra concorrência que aparece primeiro no Google. Faço sites simples e rápidos, com automação de WhatsApp incluída. Posso te mostrar um exemplo de como ficaria o de vocês, sem compromisso?"
"Duzé","hamburgueria","Franca, SP","(16) 99269-0260","","4.6","1798","45","sem_site","não contatado","","Oi! Vi o Duzé aqui em Franca — 1798 avaliações, nota 4.6, mas sem site próprio ainda. Isso é cliente indo pra concorrência que aparece primeiro no Google. Faço sites simples e rápidos, com automação de WhatsApp incluída. Posso te mostrar um exemplo de como ficaria o de vocês, sem compromisso?"
"Brutu's Lanches","hamburgueria","Franca, SP","(16) 3721-2620","","4.4","1630","45","sem_site","não contatado","","Oi! Vi o Brutu's Lanches aqui em Franca — 1630 avaliações, nota 4.4, mas sem site próprio ainda. Isso é cliente indo pra concorrência que aparece primeiro no Google. Faço sites simples e rápidos, com automação de WhatsApp incluída. Posso te mostrar um exemplo de como ficaria o de vocês, sem compromisso?"
"Academia Bio Tech Franca","academia","Franca, SP","","","4.4","307","45","sem_site","não contatado","","Oi! Vi o Academia Bio Tech Franca aqui em Franca — 307 avaliações, nota 4.4, mas sem site próprio ainda. Isso é cliente indo pra concorrência que aparece primeiro no Google. Faço sites simples e rápidos, com automação de WhatsApp incluída. Posso te mostrar um exemplo de como ficaria o de vocês, sem compromisso?"
"Doutor Vet Clínica Veterinária e Pet Shop.","pet shop","Franca, SP","(16) 99164-7171","","4.7","125","45","sem_site","não contatado","","Oi! Vi o Doutor Vet Clínica Veterinária e Pet Shop. aqui em Franca — 125 avaliações, nota 4.7, mas sem site próprio ainda. Isso é cliente indo pra concorrência que aparece primeiro no Google. Faço sites simples e rápidos, com automação de WhatsApp incluída. Posso te mostrar um exemplo de como ficaria o de vocês, sem compromisso?"
"Santa Rita Pet Shop","pet shop","Franca, SP","(16) 3723-2696","","4.7","50","45","sem_site","não contatado","","Oi! Vi o Santa Rita Pet Shop aqui em Franca — 50 avaliações, nota 4.7, mas sem site próprio ainda. Isso é cliente indo pra concorrência que aparece primeiro no Google. Faço sites simples e rápidos, com automação de WhatsApp incluída. Posso te mostrar um exemplo de como ficaria o de vocês, sem compromisso?"
"Manhattan American Diner","hamburgueria","Franca, SP","(16) 99159-2486","","4.8","900","45","sem_site","não contatado","","Oi! Vi o Manhattan American Diner aqui em Franca — 900 avaliações, nota 4.8, mas sem site próprio ainda. Isso é cliente indo pra concorrência que aparece primeiro no Google. Faço sites simples e rápidos, com automação de WhatsApp incluída. Posso te mostrar um exemplo de como ficaria o de vocês, sem compromisso?"
"LB 360","barbearia","Franca, SP","(16) 99211-6989","","4.9","90","45","sem_site","não contatado","","Oi! Vi o LB 360 aqui em Franca — 90 avaliações, nota 4.9, mas sem site próprio ainda. Isso é cliente indo pra concorrência que aparece primeiro no Google. Faço sites simples e rápidos, com automação de WhatsApp incluída. Posso te mostrar um exemplo de como ficaria o de vocês, sem compromisso?"
"Muvuca Lanches e Hot Dogs","hamburgueria","Franca, SP","(16) 99177-8012","","4.5","749","45","sem_site","não contatado","","Oi! Vi o Muvuca Lanches e Hot Dogs aqui em Franca — 749 avaliações, nota 4.5, mas sem site próprio ainda. Isso é cliente indo pra concorrência que aparece primeiro no Google. Faço sites simples e rápidos, com automação de WhatsApp incluída. Posso te mostrar um exemplo de como ficaria o de vocês, sem compromisso?"
"La Encasa","hamburgueria","Franca, SP","(16) 99329-7272","","4.7","393","45","sem_site","não contatado","","Oi! Vi o La Encasa aqui em Franca — 393 avaliações, nota 4.7, mas sem site próprio ainda. Isso é cliente indo pra concorrência que aparece primeiro no Google. Faço sites simples e rápidos, com automação de WhatsApp incluída. Posso te mostrar um exemplo de como ficaria o de vocês, sem compromisso?"
"Agrocenter Pet Shop","pet shop","Franca, SP","(16) 99262-1908","","4.8","176","45","sem_site","não contatado","","Oi! Vi o Agrocenter Pet Shop aqui em Franca — 176 avaliações, nota 4.8, mas sem site próprio ainda. Isso é cliente indo pra concorrência que aparece primeiro no Google. Faço sites simples e rápidos, com automação de WhatsApp incluída. Posso te mostrar um exemplo de como ficaria o de vocês, sem compromisso?"
"Califórnia Pet Center","pet shop","Franca, SP","(16) 99130-8407","","4.7","52","45","sem_site","não contatado","","Oi! Vi o Califórnia Pet Center aqui em Franca — 52 avaliações, nota 4.7, mas sem site próprio ainda. Isso é cliente indo pra concorrência que aparece primeiro no Google. Faço sites simples e rápidos, com automação de WhatsApp incluída. Posso te mostrar um exemplo de como ficaria o de vocês, sem compromisso?"
"Li Pet Shop Banho e Tosa","pet shop","Franca, SP","(16) 99162-0248","","5","274","45","sem_site","não contatado","","Oi! Vi o Li Pet Shop Banho e Tosa aqui em Franca — 274 avaliações, nota 5, mas sem site próprio ainda. Isso é cliente indo pra concorrência que aparece primeiro no Google. Faço sites simples e rápidos, com automação de WhatsApp incluída. Posso te mostrar um exemplo de como ficaria o de vocês, sem compromisso?"
"AGROMATTOS Pet Shop","pet shop","Franca, SP","(16) 99122-7580","","4.9","53","45","sem_site","não contatado","","Oi! Vi o AGROMATTOS Pet Shop aqui em Franca — 53 avaliações, nota 4.9, mas sem site próprio ainda. Isso é cliente indo pra concorrência que aparece primeiro no Google. Faço sites simples e rápidos, com automação de WhatsApp incluída. Posso te mostrar um exemplo de como ficaria o de vocês, sem compromisso?"
"Barbearia Barber Life","barbearia","Franca, SP","(16) 99245-7002","","5","75","45","sem_site","não contatado","","Oi! Vi o Barbearia Barber Life aqui em Franca — 75 avaliações, nota 5, mas sem site próprio ainda. Isso é cliente indo pra concorrência que aparece primeiro no Google. Faço sites simples e rápidos, com automação de WhatsApp incluída. Posso te mostrar um exemplo de como ficaria o de vocês, sem compromisso?"
"Milani Agropet","pet shop","Franca, SP","(16) 99224-8940","","5","418","45","sem_site","não contatado","","Oi! Vi o Milani Agropet aqui em Franca — 418 avaliações, nota 5, mas sem site próprio ainda. Isso é cliente indo pra concorrência que aparece primeiro no Google. Faço sites simples e rápidos, com automação de WhatsApp incluída. Posso te mostrar um exemplo de como ficaria o de vocês, sem compromisso?"
"DR Mustache Barbearia","barbearia","Franca, SP","(16) 99429-8970","","5","106","45","sem_site","não contatado","","Oi! Vi o DR Mustache Barbearia aqui em Franca — 106 avaliações, nota 5, mas sem site próprio ainda. Isso é cliente indo pra concorrência que aparece primeiro no Google. Faço sites simples e rápidos, com automação de WhatsApp incluída. Posso te mostrar um exemplo de como ficaria o de vocês, sem compromisso?"
"Benefitness Academia","academia","Franca, SP","(16) 3702-5663","","4.9","75","45","sem_site","não contatado","","Oi! Vi o Benefitness Academia aqui em Franca — 75 avaliações, nota 4.9, mas sem site próprio ainda. Isso é cliente indo pra concorrência que aparece primeiro no Google. Faço sites simples e rápidos, com automação de WhatsApp incluída. Posso te mostrar um exemplo de como ficaria o de vocês, sem compromisso?"
"Dra Mariana Goulart -- Harmonização Facial em Franca","estética facial","Franca, SP","(16) 99194-2748","","4.9","73","45","sem_site","não contatado","","Oi! Vi o Dra Mariana Goulart -- Harmonização Facial em Franca aqui em Franca — 73 avaliações, nota 4.9, mas sem site próprio ainda. Isso é cliente indo pra concorrência que aparece primeiro no Google. Faço sites simples e rápidos, com automação de WhatsApp incluída. Posso te mostrar um exemplo de como ficaria o de vocês, sem compromisso?"
"Pet Shop Nutriforte","pet shop","Franca, SP","(16) 99216-6760","","4.7","114","45","sem_site","não contatado","","Oi! Vi o Pet Shop Nutriforte aqui em Franca — 114 avaliações, nota 4.7, mas sem site próprio ainda. Isso é cliente indo pra concorrência que aparece primeiro no Google. Faço sites simples e rápidos, com automação de WhatsApp incluída. Posso te mostrar um exemplo de como ficaria o de vocês, sem compromisso?"
"Barbearia The Butchers","barbearia","balneario camburiu , itajai , itapema","(47) 2033-1200","","4.9","186","45","sem_site","não contatado","","Oi! Vi o Barbearia The Butchers aqui em Franca — 186 avaliações, nota 4.9, mas sem site próprio ainda. Isso é cliente indo pra concorrência que aparece primeiro no Google. Faço sites simples e rápidos, com automação de WhatsApp incluída. Posso te mostrar um exemplo de como ficaria o de vocês, sem compromisso?"
"Letícia Setta Harmonização Facial e Corporal","estética facial","balneario camburiu , itajai , itapema","(47) 93382-3868","","5","91","45","sem_site","não contatado","","Oi! Vi o Letícia Setta Harmonização Facial e Corporal aqui em Franca — 91 avaliações, nota 5, mas sem site próprio ainda. Isso é cliente indo pra concorrência que aparece primeiro no Google. Faço sites simples e rápidos, com automação de WhatsApp incluída. Posso te mostrar um exemplo de como ficaria o de vocês, sem compromisso?"
"Clínica Laís Loraine","estética facial","balneario camburiu , itajai , itapema","(47) 99650-2576","","5","61","45","sem_site","não contatado","","Oi! Vi o Clínica Laís Loraine aqui em Franca — 61 avaliações, nota 5, mas sem site próprio ainda. Isso é cliente indo pra concorrência que aparece primeiro no Google. Faço sites simples e rápidos, com automação de WhatsApp incluída. Posso te mostrar um exemplo de como ficaria o de vocês, sem compromisso?"
"Cuidado Animal","pet shop","balneario camburiu , itajai , itapema","","","4.8","216","45","sem_site","não contatado","","Oi! Vi o Cuidado Animal aqui em Franca — 216 avaliações, nota 4.8, mas sem site próprio ainda. Isso é cliente indo pra concorrência que aparece primeiro no Google. Faço sites simples e rápidos, com automação de WhatsApp incluída. Posso te mostrar um exemplo de como ficaria o de vocês, sem compromisso?"
"Banho e Tosa Petshop Otter pet - Balneário Camboriú","pet shop","balneario camburiu , itajai , itapema","(47) 99731-7096","","5","170","45","sem_site","não contatado","","Oi! Vi o Banho e Tosa Petshop Otter pet - Balneário Camboriú aqui em Franca — 170 avaliações, nota 5, mas sem site próprio ainda. Isso é cliente indo pra concorrência que aparece primeiro no Google. Faço sites simples e rápidos, com automação de WhatsApp incluída. Posso te mostrar um exemplo de como ficaria o de vocês, sem compromisso?"
"Docg. Balneário Camboriú - Pet Shop e Produtos para Banho e Tosa","pet shop","balneario camburiu , itajai , itapema","(47) 3170-0420","","4.9","79","45","sem_site","não contatado","","Oi! Vi o Docg. Balneário Camboriú - Pet Shop e Produtos para Banho e Tosa aqui em Franca — 79 avaliações, nota 4.9, mas sem site próprio ainda. Isso é cliente indo pra concorrência que aparece primeiro no Google. Faço sites simples e rápidos, com automação de WhatsApp incluída. Posso te mostrar um exemplo de como ficaria o de vocês, sem compromisso?"
"Pet Shop Recanto do Criador","pet shop","balneario camburiu , itajai , itapema","(47) 3263-0160","","4.8","133","45","sem_site","não contatado","","Oi! Vi o Pet Shop Recanto do Criador aqui em Franca — 133 avaliações, nota 4.8, mas sem site próprio ainda. Isso é cliente indo pra concorrência que aparece primeiro no Google. Faço sites simples e rápidos, com automação de WhatsApp incluída. Posso te mostrar um exemplo de como ficaria o de vocês, sem compromisso?"
"Balneário Pet-O queridinho de BC","pet shop","balneario camburiu , itajai , itapema","(47) 98847-3740","","4.8","57","45","sem_site","não contatado","","Oi! Vi o Balneário Pet-O queridinho de BC aqui em Franca — 57 avaliações, nota 4.8, mas sem site próprio ainda. Isso é cliente indo pra concorrência que aparece primeiro no Google. Faço sites simples e rápidos, com automação de WhatsApp incluída. Posso te mostrar um exemplo de como ficaria o de vocês, sem compromisso?"
"Pet BC Boutique","pet shop","balneario camburiu , itajai , itapema","(47) 99773-3710","","4.8","131","45","sem_site","não contatado","","Oi! Vi o Pet BC Boutique aqui em Franca — 131 avaliações, nota 4.8, mas sem site próprio ainda. Isso é cliente indo pra concorrência que aparece primeiro no Google. Faço sites simples e rápidos, com automação de WhatsApp incluída. Posso te mostrar um exemplo de como ficaria o de vocês, sem compromisso?"
"Nay Esmalteria","salão de unhas","itapema","(47) 99257-6749","","4.9","448","45","sem_site","não contatado","","Oi! Vi o Nay Esmalteria aqui em Franca — 448 avaliações, nota 4.9, mas sem site próprio ainda. Isso é cliente indo pra concorrência que aparece primeiro no Google. Faço sites simples e rápidos, com automação de WhatsApp incluída. Posso te mostrar um exemplo de como ficaria o de vocês, sem compromisso?"
"Paula Oliveira Nail Designer","salão de unhas","itapema","","http://paulanails.com.br/","5","20","45","so_rede_social","não contatado","","Oi! Vi o Paula Oliveira Nail Designer — 20 avaliações, nota 5, mas o único link que aparece no Google é o Instagram. Um site próprio (mesmo simples) ajuda a converter muito mais quem já gostou do trabalho de vocês. Posso te mandar uma ideia rápida?"
"França Concept","salão de unhas","itapema","(47) 98872-2937","","5","64","45","sem_site","não contatado","","Oi! Vi o França Concept aqui em Franca — 64 avaliações, nota 5, mas sem site próprio ainda. Isso é cliente indo pra concorrência que aparece primeiro no Google. Faço sites simples e rápidos, com automação de WhatsApp incluída. Posso te mostrar um exemplo de como ficaria o de vocês, sem compromisso?"
"Salão de Beleza UP Unhas & Beauty","salão de unhas","itapema","(47) 99229-1307","","4.8","67","45","sem_site","não contatado","","Oi! Vi o Salão de Beleza UP Unhas & Beauty aqui em Franca — 67 avaliações, nota 4.8, mas sem site próprio ainda. Isso é cliente indo pra concorrência que aparece primeiro no Google. Faço sites simples e rápidos, com automação de WhatsApp incluída. Posso te mostrar um exemplo de como ficaria o de vocês, sem compromisso?"
"Barbearia Rei Bigode","barbearia","itapema","(47) 3366-8573","","4.9","119","45","sem_site","não contatado","","Oi! Vi o Barbearia Rei Bigode aqui em Franca — 119 avaliações, nota 4.9, mas sem site próprio ainda. Isso é cliente indo pra concorrência que aparece primeiro no Google. Faço sites simples e rápidos, com automação de WhatsApp incluída. Posso te mostrar um exemplo de como ficaria o de vocês, sem compromisso?"
"Usina do Hambúrguer – Píer Oporto, Itapema sc","hamburgueria","itapema","(47) 99263-4903","","4.9","1525","45","sem_site","não contatado","","Oi! Vi o Usina do Hambúrguer – Píer Oporto, Itapema sc aqui em Franca — 1525 avaliações, nota 4.9, mas sem site próprio ainda. Isso é cliente indo pra concorrência que aparece primeiro no Google. Faço sites simples e rápidos, com automação de WhatsApp incluída. Posso te mostrar um exemplo de como ficaria o de vocês, sem compromisso?"
"Grelhô Burger","hamburgueria","itapema","(47) 98848-5011","","4.5","551","45","sem_site","não contatado","","Oi! Vi o Grelhô Burger aqui em Franca — 551 avaliações, nota 4.5, mas sem site próprio ainda. Isso é cliente indo pra concorrência que aparece primeiro no Google. Faço sites simples e rápidos, com automação de WhatsApp incluída. Posso te mostrar um exemplo de como ficaria o de vocês, sem compromisso?"
"Glotón Burguer","hamburgueria","itapema","(47) 98866-9157","","4.6","129","45","sem_site","não contatado","","Oi! Vi o Glotón Burguer aqui em Franca — 129 avaliações, nota 4.6, mas sem site próprio ainda. Isso é cliente indo pra concorrência que aparece primeiro no Google. Faço sites simples e rápidos, com automação de WhatsApp incluída. Posso te mostrar um exemplo de como ficaria o de vocês, sem compromisso?"
"Burger Beer","hamburgueria","itapema","(47) 99663-9683","","4.8","107","45","sem_site","não contatado","","Oi! Vi o Burger Beer aqui em Franca — 107 avaliações, nota 4.8, mas sem site próprio ainda. Isso é cliente indo pra concorrência que aparece primeiro no Google. Faço sites simples e rápidos, com automação de WhatsApp incluída. Posso te mostrar um exemplo de como ficaria o de vocês, sem compromisso?"
"Academia Porto.Fit Itapema","academia","itapema","(47) 99964-9316","","4.8","191","45","sem_site","não contatado","","Oi! Vi o Academia Porto.Fit Itapema aqui em Franca — 191 avaliações, nota 4.8, mas sem site próprio ainda. Isso é cliente indo pra concorrência que aparece primeiro no Google. Faço sites simples e rápidos, com automação de WhatsApp incluída. Posso te mostrar um exemplo de como ficaria o de vocês, sem compromisso?"
"💪Rede UFit Academias","academia","itapema","(47) 99703-3263","","4.8","156","45","sem_site","não contatado","","Oi! Vi o 💪Rede UFit Academias aqui em Franca — 156 avaliações, nota 4.8, mas sem site próprio ainda. Isso é cliente indo pra concorrência que aparece primeiro no Google. Faço sites simples e rápidos, com automação de WhatsApp incluída. Posso te mostrar um exemplo de como ficaria o de vocês, sem compromisso?"
"Clínica Biavatti Itapema - Botox, Preenchimento, Estética e Bioestimulador de Colágeno","estética facial","itapema","(41) 3022-1005","","4.8","97","45","sem_site","não contatado","","Oi! Vi o Clínica Biavatti Itapema - Botox, Preenchimento, Estética e Bioestimulador de Colágeno aqui em Franca — 97 avaliações, nota 4.8, mas sem site próprio ainda. Isso é cliente indo pra concorrência que aparece primeiro no Google. Faço sites simples e rápidos, com automação de WhatsApp incluída. Posso te mostrar um exemplo de como ficaria o de vocês, sem compromisso?"
"Pet Shop Cãobeleireiro","pet shop","itapema","(47) 99111-3858","","4.6","119","45","sem_site","não contatado","","Oi! Vi o Pet Shop Cãobeleireiro aqui em Franca — 119 avaliações, nota 4.6, mas sem site próprio ainda. Isso é cliente indo pra concorrência que aparece primeiro no Google. Faço sites simples e rápidos, com automação de WhatsApp incluída. Posso te mostrar um exemplo de como ficaria o de vocês, sem compromisso?"
"Agropecuária Souza","pet shop","itapema","(47) 3267-0503","","4.5","180","45","sem_site","não contatado","","Oi! Vi o Agropecuária Souza aqui em Franca — 180 avaliações, nota 4.5, mas sem site próprio ainda. Isso é cliente indo pra concorrência que aparece primeiro no Google. Faço sites simples e rápidos, com automação de WhatsApp incluída. Posso te mostrar um exemplo de como ficaria o de vocês, sem compromisso?"
"ORI Boteco Itapema - Meia Praia","Bares","itapema","","","4.6","377","45","sem_site","não contatado","","Oi! Vi o ORI Boteco Itapema - Meia Praia aqui em Franca — 377 avaliações, nota 4.6, mas sem site próprio ainda. Isso é cliente indo pra concorrência que aparece primeiro no Google. Faço sites simples e rápidos, com automação de WhatsApp incluída. Posso te mostrar um exemplo de como ficaria o de vocês, sem compromisso?"
"Última Hora Pub","Bares","itapema","(47) 99661-0926","","4.7","785","45","sem_site","não contatado","","Oi! Vi o Última Hora Pub aqui em Franca — 785 avaliações, nota 4.7, mas sem site próprio ainda. Isso é cliente indo pra concorrência que aparece primeiro no Google. Faço sites simples e rápidos, com automação de WhatsApp incluída. Posso te mostrar um exemplo de como ficaria o de vocês, sem compromisso?"
"Sunset Beach Bar & Restaurante - Frente Mar","Bares","itapema","(47) 99663-9683","","4.5","601","45","sem_site","não contatado","","Oi! Vi o Sunset Beach Bar & Restaurante - Frente Mar aqui em Franca — 601 avaliações, nota 4.5, mas sem site próprio ainda. Isso é cliente indo pra concorrência que aparece primeiro no Google. Faço sites simples e rápidos, com automação de WhatsApp incluída. Posso te mostrar um exemplo de como ficaria o de vocês, sem compromisso?"
"Okkah Petiscaria","Bares","itapema","(47) 99965-9385","","4.6","625","45","sem_site","não contatado","","Oi! Vi o Okkah Petiscaria aqui em Franca — 625 avaliações, nota 4.6, mas sem site próprio ainda. Isso é cliente indo pra concorrência que aparece primeiro no Google. Faço sites simples e rápidos, com automação de WhatsApp incluída. Posso te mostrar um exemplo de como ficaria o de vocês, sem compromisso?"
"Mario's Bar e Petiscaria","Bares","itapema","(47) 99244-8986","","4.4","264","45","sem_site","não contatado","","Oi! Vi o Mario's Bar e Petiscaria aqui em Franca — 264 avaliações, nota 4.4, mas sem site próprio ainda. Isso é cliente indo pra concorrência que aparece primeiro no Google. Faço sites simples e rápidos, com automação de WhatsApp incluída. Posso te mostrar um exemplo de como ficaria o de vocês, sem compromisso?"
"Dra Danielle Hernandes | Harmonização Facial | Botox | Franca-SP","estética facial","Franca, SP","(16) 99254-3698","https://www.instagram.com/dradaniellehernandes","5","39","40","so_rede_social","não contatado","","Oi! Vi o Dra Danielle Hernandes | Harmonização Facial | Botox | Franca-SP — 39 avaliações, nota 5, mas o único link que aparece no Google é o Instagram. Um site próprio (mesmo simples) ajuda a converter muito mais quem já gostou do trabalho de vocês. Posso te mandar uma ideia rápida?"
"Domitilia Tomas","salão de unhas","Franca, SP","","http://www.instagram.com/domitilia_tomas","5","32","40","so_rede_social","não contatado","","Oi! Vi o Domitilia Tomas — 32 avaliações, nota 5, mas o único link que aparece no Google é o Instagram. Um site próprio (mesmo simples) ajuda a converter muito mais quem já gostou do trabalho de vocês. Posso te mandar uma ideia rápida?"
"ConsigFran Empréstimo","investimentos","Franca, SP","(16) 99299-0718","https://consigfran.com.br/","5","4","40","poucas_reviews","não contatado","","Oi! Vi o ConsigFran Empréstimo aqui em Franca, ótima nota (5⭐) mas pouca gente avaliando ainda — isso é oportunidade perdida no Google. Ajudo negócios locais a aparecer mais e converter mais avaliação em cliente novo. Topa ver uma ideia rápida?"
"Solomon Capital - Assessoria de Investimentos","investimentos","Franca, SP","(16) 99350-1970","https://solomoncapital.com.br/","5","3","40","poucas_reviews","contatado","","Oi! Vi o Solomon Capital - Assessoria de Investimentos aqui em Franca, ótima nota (5⭐) mas pouca gente avaliando ainda — isso é oportunidade perdida no Google. Ajudo negócios locais a aparecer mais e converter mais avaliação em cliente novo. Topa ver uma ideia rápida?"
"Dami Unhas Studio","salão de unhas","balneario camburiu , itajai , itapema","(47) 99749-9184","https://www.instagram.com/daminailsstudio?igsh=bzZmMHQ5dDU4b3g4","4.9","44","40","so_rede_social","não contatado","","Oi! Vi o Dami Unhas Studio — 44 avaliações, nota 4.9, mas o único link que aparece no Google é o Instagram. Um site próprio (mesmo simples) ajuda a converter muito mais quem já gostou do trabalho de vocês. Posso te mandar uma ideia rápida?"
"Gyu Unhas | Alongamentos","salão de unhas","balneario camburiu , itajai , itapema","(47) 99922-9223","https://www.instagram.com/p/C6Q1EzthBLs/?igsh=OXhvZGpyM3d4ZWIy","5","41","40","so_rede_social","não contatado","","Oi! Vi o Gyu Unhas | Alongamentos — 41 avaliações, nota 5, mas o único link que aparece no Google é o Instagram. Um site próprio (mesmo simples) ajuda a converter muito mais quem já gostou do trabalho de vocês. Posso te mandar uma ideia rápida?"
"Novas Unhas","salão de unhas","balneario camburiu , itajai , itapema","(47) 99658-2093","https://instagram.com/novasunhasbc?igshid=jk7l5vrvkzxz","4.7","39","40","so_rede_social","não contatado","","Oi! Vi o Novas Unhas — 39 avaliações, nota 4.7, mas o único link que aparece no Google é o Instagram. Um site próprio (mesmo simples) ajuda a converter muito mais quem já gostou do trabalho de vocês. Posso te mandar uma ideia rápida?"
"Barbearia 016","barbearia","Franca, SP","(16) 99326-9985","https://barber-016.lovable.app/","5","12","40","poucas_reviews","não contatado","","Oi! Vi o Barbearia 016 aqui em Franca, ótima nota (5⭐) mas pouca gente avaliando ainda — isso é oportunidade perdida no Google. Ajudo negócios locais a aparecer mais e converter mais avaliação em cliente novo. Topa ver uma ideia rápida?"
"LADYS BURGUER HAMBURGUERIA FRANCA","hamburgueria","Franca, SP","(16) 99354-1906","https://ladysburguer.com.br/","4.8","12","40","poucas_reviews","não contatado","","Oi! Vi o LADYS BURGUER HAMBURGUERIA FRANCA aqui em Franca, ótima nota (4.8⭐) mas pouca gente avaliando ainda — isso é oportunidade perdida no Google. Ajudo negócios locais a aparecer mais e converter mais avaliação em cliente novo. Topa ver uma ideia rápida?"
"Academia BlueFit Franca Estação","academia","Franca, SP","(11) 93935-1492","https://www.bluefit.com.br/unidade/franca-estacao","5","12","40","poucas_reviews","não contatado","","Oi! Vi o Academia BlueFit Franca Estação aqui em Franca, ótima nota (5⭐) mas pouca gente avaliando ainda — isso é oportunidade perdida no Google. Ajudo negócios locais a aparecer mais e converter mais avaliação em cliente novo. Topa ver uma ideia rápida?"
"Dra. Júlia Braz Matoso | Harmonização facial com naturalidade","estética facial","Franca, SP","(16) 99733-0253","https://www.instagram.com/drajuliabrazm","5","40","40","so_rede_social","não contatado","","Oi! Vi o Dra. Júlia Braz Matoso | Harmonização facial com naturalidade — 40 avaliações, nota 5, mas o único link que aparece no Google é o Instagram. Um site próprio (mesmo simples) ajuda a converter muito mais quem já gostou do trabalho de vocês. Posso te mandar uma ideia rápida?"
"Clinica Zoom Estética Facial e Corporal","estética facial","Franca, SP","(16) 98152-2556","https://www.instagram.com/clinica.zoom/","5","32","40","so_rede_social","não contatado","","Oi! Vi o Clinica Zoom Estética Facial e Corporal — 32 avaliações, nota 5, mas o único link que aparece no Google é o Instagram. Um site próprio (mesmo simples) ajuda a converter muito mais quem já gostou do trabalho de vocês. Posso te mandar uma ideia rápida?"
"M&A Pets | Pet Shop","pet shop","Franca, SP","(16) 99222-2710","https://shopee.com.br/shop/400897704","5","8","40","poucas_reviews","não contatado","","Oi! Vi o M&A Pets | Pet Shop aqui em Franca, ótima nota (5⭐) mas pouca gente avaliando ainda — isso é oportunidade perdida no Google. Ajudo negócios locais a aparecer mais e converter mais avaliação em cliente novo. Topa ver uma ideia rápida?"
"Pavanelo Barbearia","barbearia","Franca, SP","(16) 99459-7051","https://www.instagram.com/pavanelo_barbeiro?igsh=MXc5dGNhNTU3MDA4dA==&utm_source=qr","5","49","40","so_rede_social","não contatado","","Oi! Vi o Pavanelo Barbearia — 49 avaliações, nota 5, mas o único link que aparece no Google é o Instagram. Um site próprio (mesmo simples) ajuda a converter muito mais quem já gostou do trabalho de vocês. Posso te mandar uma ideia rápida?"
"LUCIENE UNHAS SALÃO DE BELEZA E ESTÉTICA","salão de unhas","Franca, SP","","https://www.instagram.com/lucieneunhasebeleza/","4.8","30","40","so_rede_social","não contatado","","Oi! Vi o LUCIENE UNHAS SALÃO DE BELEZA E ESTÉTICA — 30 avaliações, nota 4.8, mas o único link que aparece no Google é o Instagram. Um site próprio (mesmo simples) ajuda a converter muito mais quem já gostou do trabalho de vocês. Posso te mandar uma ideia rápida?"
"Academia em Franca - Força em Movimento","academia","Franca, SP","(16) 99115-1014","https://www.instagram.com/forca_em_movimento_/","5","34","40","so_rede_social","não contatado","","Oi! Vi o Academia em Franca - Força em Movimento — 34 avaliações, nota 5, mas o único link que aparece no Google é o Instagram. Um site próprio (mesmo simples) ajuda a converter muito mais quem já gostou do trabalho de vocês. Posso te mandar uma ideia rápida?"
"Clínica de Estética Gabriela França","estética facial","Franca, SP","(16) 99108-8387","https://www.instagram.com/dragabifranca?igsh=a2F4MTh3aHcwcDdp&utm_source=qr","5","46","40","so_rede_social","não contatado","","Oi! Vi o Clínica de Estética Gabriela França — 46 avaliações, nota 5, mas o único link que aparece no Google é o Instagram. Um site próprio (mesmo simples) ajuda a converter muito mais quem já gostou do trabalho de vocês. Posso te mandar uma ideia rápida?"
"Studio Flávia Duarte","salão de unhas","Franca, SP","(16) 98833-1720","https://www.instagram.com/invites/contact/?i=1sk65zj6h5mx8&utm_content=22yrbxq","5","40","40","so_rede_social","não contatado","","Oi! Vi o Studio Flávia Duarte — 40 avaliações, nota 5, mas o único link que aparece no Google é o Instagram. Um site próprio (mesmo simples) ajuda a converter muito mais quem já gostou do trabalho de vocês. Posso te mandar uma ideia rápida?"
"CRIS ANDRADE | Nail Designer","salão de unhas","Franca, SP","(16) 99967-8303","https://instagram.com/crisandrade.nail?igshid=YmMyMTA2M2Y=","5","40","40","so_rede_social","não contatado","","Oi! Vi o CRIS ANDRADE | Nail Designer — 40 avaliações, nota 5, mas o único link que aparece no Google é o Instagram. Um site próprio (mesmo simples) ajuda a converter muito mais quem já gostou do trabalho de vocês. Posso te mandar uma ideia rápida?"
"Academia Space Fitness","academia","Franca, SP","(16) 99987-1390","https://space-fitness.github.io/spacefitness/","4.9","14","40","poucas_reviews","não contatado","","Oi! Vi o Academia Space Fitness aqui em Franca, ótima nota (4.9⭐) mas pouca gente avaliando ainda — isso é oportunidade perdida no Google. Ajudo negócios locais a aparecer mais e converter mais avaliação em cliente novo. Topa ver uma ideia rápida?"
"Thalia Fernandes | Manicure em Itapema","salão de unhas","itapema","(47) 99691-6002","https://www.instagram.com/thaliiamanicure?igsh=MzhpaGVmd21lMjNk&utm_source=qr","5","43","40","so_rede_social","não contatado","","Oi! Vi o Thalia Fernandes | Manicure em Itapema — 43 avaliações, nota 5, mas o único link que aparece no Google é o Instagram. Um site próprio (mesmo simples) ajuda a converter muito mais quem já gostou do trabalho de vocês. Posso te mandar uma ideia rápida?"
"Daniela Designer de Unhas","salão de unhas","itapema","(47) 99226-2894","https://www.instagram.com/danielanail_santos/","4.9","30","40","so_rede_social","não contatado","","Oi! Vi o Daniela Designer de Unhas — 30 avaliações, nota 4.9, mas o único link que aparece no Google é o Instagram. Um site próprio (mesmo simples) ajuda a converter muito mais quem já gostou do trabalho de vocês. Posso te mandar uma ideia rápida?"
"Breck' Esmalteria / Nail designer & Alongamentos","salão de unhas","itapema","(47) 99134-4654","https://instagram.com/pri_unhas04?igshid=YmMyMTA2M2Y=","5","31","40","so_rede_social","não contatado","","Oi! Vi o Breck' Esmalteria / Nail designer & Alongamentos — 31 avaliações, nota 5, mas o único link que aparece no Google é o Instagram. Um site próprio (mesmo simples) ajuda a converter muito mais quem já gostou do trabalho de vocês. Posso te mandar uma ideia rápida?"
"Studio 041","salão de unhas","itapema","(41) 99847-5902","https://www.instagram.com/studio041__?igsh=aGViZ2F4dW5lM3My","5","45","40","so_rede_social","não contatado","","Oi! Vi o Studio 041 — 45 avaliações, nota 5, mas o único link que aparece no Google é o Instagram. Um site próprio (mesmo simples) ajuda a converter muito mais quem já gostou do trabalho de vocês. Posso te mandar uma ideia rápida?"
"Barbearia Nico's Itapema","barbearia","itapema","(47) 99259-2267","https://www.instagram.com/_nicosbarbershop/","5","34","40","so_rede_social","não contatado","","Oi! Vi o Barbearia Nico's Itapema — 34 avaliações, nota 5, mas o único link que aparece no Google é o Instagram. Um site próprio (mesmo simples) ajuda a converter muito mais quem já gostou do trabalho de vocês. Posso te mandar uma ideia rápida?"
"La Madre Barber Shop","barbearia","itapema","(47) 99261-1473","https://www.instagram.com/lamadrebarbershop/","5","30","40","so_rede_social","não contatado","","Oi! Vi o La Madre Barber Shop — 30 avaliações, nota 5, mas o único link que aparece no Google é o Instagram. Um site próprio (mesmo simples) ajuda a converter muito mais quem já gostou do trabalho de vocês. Posso te mandar uma ideia rápida?"
"Barbearia VIP Life Studio","barbearia","itapema","(47) 99657-5146","https://www.instagram.com/viplife_studio?igsh=NXd0ZXppNHpmdmJy&utm_source=qr","5","31","40","so_rede_social","não contatado","","Oi! Vi o Barbearia VIP Life Studio — 31 avaliações, nota 5, mas o único link que aparece no Google é o Instagram. Um site próprio (mesmo simples) ajuda a converter muito mais quem já gostou do trabalho de vocês. Posso te mandar uma ideia rápida?"
"Soraia Souza Estética Avançada Itapema","estética facial","itapema","","https://www.instagram.com/soraiasouzaestetica_itapema/","5","30","40","so_rede_social","não contatado","","Oi! Vi o Soraia Souza Estética Avançada Itapema — 30 avaliações, nota 5, mas o único link que aparece no Google é o Instagram. Um site próprio (mesmo simples) ajuda a converter muito mais quem já gostou do trabalho de vocês. Posso te mandar uma ideia rápida?"
"Fernanda Concolatto Estética Holística","estética facial","itapema","(47) 99944-5800","https://www.instagram.com/fer.esteticaholistica/","4.9","45","40","so_rede_social","não contatado","","Oi! Vi o Fernanda Concolatto Estética Holística — 45 avaliações, nota 4.9, mas o único link que aparece no Google é o Instagram. Um site próprio (mesmo simples) ajuda a converter muito mais quem já gostou do trabalho de vocês. Posso te mandar uma ideia rápida?"
"Maripet petshop e veterinária","pet shop","itapema","(47) 99646-6295","https://www.instagram.com/maripet_/","5","36","40","so_rede_social","não contatado","","Oi! Vi o Maripet petshop e veterinária — 36 avaliações, nota 5, mas o único link que aparece no Google é o Instagram. Um site próprio (mesmo simples) ajuda a converter muito mais quem já gostou do trabalho de vocês. Posso te mandar uma ideia rápida?"
"Litoral Pet","pet shop","itapema","(47) 2033-4610","https://www.litoralpet.com.br/","5","5","40","poucas_reviews","não contatado","","Oi! Vi o Litoral Pet aqui em Franca, ótima nota (5⭐) mas pouca gente avaliando ainda — isso é oportunidade perdida no Google. Ajudo negócios locais a aparecer mais e converter mais avaliação em cliente novo. Topa ver uma ideia rápida?"
"Canoa Açoriana Bar","Bares","itapema","(47) 98834-4207","https://linktr.ee/canoa301","4.8","36","40","so_rede_social","não contatado","","Oi! Vi o Canoa Açoriana Bar — 36 avaliações, nota 4.8, mas o único link que aparece no Google é o Instagram. Um site próprio (mesmo simples) ajuda a converter muito mais quem já gostou do trabalho de vocês. Posso te mandar uma ideia rápida?"
"Barbearia Bigodini","barbearia","Ribeirão Preto, SP","(16) 99356-0345","http://facebook.com/barbeariabigodini","4.9","447","30","so_rede_social","não contatado","","Oi! Vi o Barbearia Bigodini — 447 avaliações, nota 4.9, mas o único link que aparece no Google é o Instagram. Um site próprio (mesmo simples) ajuda a converter muito mais quem já gostou do trabalho de vocês. Posso te mandar uma ideia rápida?"
"Yor Burger","hamburgueria","balneario camburiu , itajai , itapema","(47) 99991-7058","http://www.linktr.ee/yorburger","4.7","1892","30","so_rede_social","não contatado","","Oi! Vi o Yor Burger — 1892 avaliações, nota 4.7, mas o único link que aparece no Google é o Instagram. Um site próprio (mesmo simples) ajuda a converter muito mais quem já gostou do trabalho de vocês. Posso te mandar uma ideia rápida?"
"Jungle Hamburgueria","hamburgueria","balneario camburiu , itajai , itapema","(47) 99141-5491","https://www.instagram.com/jungle.burguer/","4.7","355","30","so_rede_social","não contatado","","Oi! Vi o Jungle Hamburgueria — 355 avaliações, nota 4.7, mas o único link que aparece no Google é o Instagram. Um site próprio (mesmo simples) ajuda a converter muito mais quem já gostou do trabalho de vocês. Posso te mandar uma ideia rápida?"
"Cintia Carla Nails ,especialista em alongamentos,manicure e pedicure Franca SP","salão de unhas","Franca, SP","(16) 99435-8532","https://www.instagram.com/cintiacarlanails?igsh=MXB5bXBscmR5Mm55Mg==","4.8","83","30","so_rede_social","não contatado","","Oi! Vi o Cintia Carla Nails ,especialista em alongamentos,manicure e pedicure Franca SP — 83 avaliações, nota 4.8, mas o único link que aparece no Google é o Instagram. Um site próprio (mesmo simples) ajuda a converter muito mais quem já gostou do trabalho de vocês. Posso te mandar uma ideia rápida?"
"Senhor Deva Barbearia","barbearia","Franca, SP","(16) 98158-0982","https://www.instagram.com/senhordevabarbearia?igsh=MTlsYThtMHp6M2YwNA==","4.9","70","30","so_rede_social","não contatado","","Oi! Vi o Senhor Deva Barbearia — 70 avaliações, nota 4.9, mas o único link que aparece no Google é o Instagram. Um site próprio (mesmo simples) ajuda a converter muito mais quem já gostou do trabalho de vocês. Posso te mandar uma ideia rápida?"
"Franca Fitness","academia","Franca, SP","(16) 99131-7422","https://instagram.com/fitness.franca?igshid=YmMyMTA2M2Y=","4.8","145","30","so_rede_social","não contatado","","Oi! Vi o Franca Fitness — 145 avaliações, nota 4.8, mas o único link que aparece no Google é o Instagram. Um site próprio (mesmo simples) ajuda a converter muito mais quem já gostou do trabalho de vocês. Posso te mandar uma ideia rápida?"
"Fim D´ Tarde","hamburgueria","Franca, SP","(16) 99286-9101","https://www.instagram.com/fimdtarde.lanches?igsh=ZnMzZGh4cXdrNnc2&utm_source=qr","4.8","55","30","so_rede_social","não contatado","","Oi! Vi o Fim D´ Tarde — 55 avaliações, nota 4.8, mas o único link que aparece no Google é o Instagram. Um site próprio (mesmo simples) ajuda a converter muito mais quem já gostou do trabalho de vocês. Posso te mandar uma ideia rápida?"
"Uncle Joe's","hamburgueria","balneario camburiu , itajai , itapema","","http://linktr.ee/unclejoesbc","4.7","1424","30","so_rede_social","não contatado","","Oi! Vi o Uncle Joe's — 1424 avaliações, nota 4.7, mas o único link que aparece no Google é o Instagram. Um site próprio (mesmo simples) ajuda a converter muito mais quem já gostou do trabalho de vocês. Posso te mandar uma ideia rápida?"
"Gango's Sanduíches","hamburgueria","balneario camburiu , itajai , itapema","(47) 99635-5154","https://www.instagram.com/gangossanduiches/","4.9","573","30","so_rede_social","não contatado","","Oi! Vi o Gango's Sanduíches — 573 avaliações, nota 4.9, mas o único link que aparece no Google é o Instagram. Um site próprio (mesmo simples) ajuda a converter muito mais quem já gostou do trabalho de vocês. Posso te mandar uma ideia rápida?"
"Games Of Kings","hamburgueria","balneario camburiu , itajai , itapema","(47) 99138-0151","https://instagram.com/gokbc.ok?igshid=NGExMmI2YTkyZg==","4.9","440","30","so_rede_social","não contatado","","Oi! Vi o Games Of Kings — 440 avaliações, nota 4.9, mas o único link que aparece no Google é o Instagram. Um site próprio (mesmo simples) ajuda a converter muito mais quem já gostou do trabalho de vocês. Posso te mandar uma ideia rápida?"
"Barbearia Tiagão D' Corte","barbearia","Franca, SP","(16) 99973-2984","https://www.facebook.com/profile.php?id=100051770941053","5","121","30","so_rede_social","não contatado","","Oi! Vi o Barbearia Tiagão D' Corte — 121 avaliações, nota 5, mas o único link que aparece no Google é o Instagram. Um site próprio (mesmo simples) ajuda a converter muito mais quem já gostou do trabalho de vocês. Posso te mandar uma ideia rápida?"
"LG barbearia barba cabelo e bigode","barbearia","Franca, SP","(16) 99186-8288","https://www.instagram.com/lg_barbearia_cabelo_barba?igshid=YTQwZjQ0NmI0OA==","5","85","30","so_rede_social","não contatado","","Oi! Vi o LG barbearia barba cabelo e bigode — 85 avaliações, nota 5, mas o único link que aparece no Google é o Instagram. Um site próprio (mesmo simples) ajuda a converter muito mais quem já gostou do trabalho de vocês. Posso te mandar uma ideia rápida?"
"Barbarus Burger - Hamburgueria Medieval","hamburgueria","Franca, SP","(16) 3111-3130","http://instagram.com/barbarusburgerfranca","4.7","443","30","so_rede_social","não contatado","","Oi! Vi o Barbarus Burger - Hamburgueria Medieval — 443 avaliações, nota 4.7, mas o único link que aparece no Google é o Instagram. Um site próprio (mesmo simples) ajuda a converter muito mais quem já gostou do trabalho de vocês. Posso te mandar uma ideia rápida?"
"Bruno Ávila Corretor de Imóveis","corretoras","Franca, SP","(16) 99446-6446","http://bit.ly/2Q9YaAt","5","47","30","so_rede_social","não contatado","","Oi! Vi o Bruno Ávila Corretor de Imóveis — 47 avaliações, nota 5, mas o único link que aparece no Google é o Instagram. Um site próprio (mesmo simples) ajuda a converter muito mais quem já gostou do trabalho de vocês. Posso te mandar uma ideia rápida?"
"IMOBILIÁRIA IEG CRÉDITOS e IMÓVEIS LTDA","corretoras","Franca, SP","(16) 3406-4363","http://www.iegimoveisfrancaeregiao.com.br/","4.9","44","30","so_rede_social","não contatado","","Oi! Vi o IMOBILIÁRIA IEG CRÉDITOS e IMÓVEIS LTDA — 44 avaliações, nota 4.9, mas o único link que aparece no Google é o Instagram. Um site próprio (mesmo simples) ajuda a converter muito mais quem já gostou do trabalho de vocês. Posso te mandar uma ideia rápida?"
"Montanha Lanches","hamburgueria","Franca, SP","(16) 99160-9340","https://www.facebook.com/profile.php?id=100007466078479","4.3","517","30","so_rede_social","não contatado","","Oi! Vi o Montanha Lanches — 517 avaliações, nota 4.3, mas o único link que aparece no Google é o Instagram. Um site próprio (mesmo simples) ajuda a converter muito mais quem já gostou do trabalho de vocês. Posso te mandar uma ideia rápida?"
"Make Academia","academia","balneario camburiu , itajai , itapema","(47) 99653-8160","https://www.facebook.com/MakeAcademia","4.2","269","30","so_rede_social","não contatado","","Oi! Vi o Make Academia — 269 avaliações, nota 4.2, mas o único link que aparece no Google é o Instagram. Um site próprio (mesmo simples) ajuda a converter muito mais quem já gostou do trabalho de vocês. Posso te mandar uma ideia rápida?"
"Dalas Training Company","academia","balneario camburiu , itajai , itapema","(47) 99998-2279","https://www.instagram.com/dalastrainingco/","4.9","79","30","so_rede_social","não contatado","","Oi! Vi o Dalas Training Company — 79 avaliações, nota 4.9, mas o único link que aparece no Google é o Instagram. Um site próprio (mesmo simples) ajuda a converter muito mais quem já gostou do trabalho de vocês. Posso te mandar uma ideia rápida?"
"Clínica Estética Thais Garcia | Criolipólise Gordura Localizada Celulite Flacidez Enzimas Harmonização Facial Franca-SP","estética facial","Franca, SP","(16) 99241-7746","http://www.clinicathaisgarcia.com.br/","5","41","30","so_rede_social","não contatado","","Oi! Vi o Clínica Estética Thais Garcia | Criolipólise Gordura Localizada Celulite Flacidez Enzimas Harmonização Facial Franca-SP — 41 avaliações, nota 5, mas o único link que aparece no Google é o Instagram. Um site próprio (mesmo simples) ajuda a converter muito mais quem já gostou do trabalho de vocês. Posso te mandar uma ideia rápida?"
"Academia Vip","academia","balneario camburiu , itajai , itapema","(47) 3263-0975","http://facebook.com/academiavipbc","4.8","271","30","so_rede_social","não contatado","","Oi! Vi o Academia Vip — 271 avaliações, nota 4.8, mas o único link que aparece no Google é o Instagram. Um site próprio (mesmo simples) ajuda a converter muito mais quem já gostou do trabalho de vocês. Posso te mandar uma ideia rápida?"
"CPH Academia","academia","balneario camburiu , itajai , itapema","(47) 3367-0822","https://www.instagram.com/cphbrasil/","4.7","452","30","so_rede_social","não contatado","","Oi! Vi o CPH Academia — 452 avaliações, nota 4.7, mas o único link que aparece no Google é o Instagram. Um site próprio (mesmo simples) ajuda a converter muito mais quem já gostou do trabalho de vocês. Posso te mandar uma ideia rápida?"
"Chieregato pet shop","pet shop","Franca, SP","(16) 3723-6879","https://www.instagram.com/p/CSwyCm4nMrg/?utm_medium=copy_link","4.7","81","30","so_rede_social","não contatado","","Oi! Vi o Chieregato pet shop — 81 avaliações, nota 4.7, mas o único link que aparece no Google é o Instagram. Um site próprio (mesmo simples) ajuda a converter muito mais quem já gostou do trabalho de vocês. Posso te mandar uma ideia rápida?"
"Studio Nathalie Talhateli | Alongamento e Esmaltação em Gel","salão de unhas","balneario camburiu , itajai , itapema","(47) 99900-1867","https://www.instagram.com/studionathalietalhatelioficial","5","403","30","so_rede_social","não contatado","","Oi! Vi o Studio Nathalie Talhateli | Alongamento e Esmaltação em Gel — 403 avaliações, nota 5, mas o único link que aparece no Google é o Instagram. Um site próprio (mesmo simples) ajuda a converter muito mais quem já gostou do trabalho de vocês. Posso te mandar uma ideia rápida?"
"Suelen Menegusso Unhas Art","salão de unhas","balneario camburiu , itajai , itapema","(47) 99625-0662","https://linktr.ee/studiosuelenmenegusso?fbclid=PAZXh0bgNhZW0CMTEAAacnJBsRSD2A9jomu2SaRV71RmDkhFb1IN9lBb8IHQ6oiEsjLjz4LUKeD06ZCg_aem_NFFTbTL2Uh_Na9krBzHLFw","5","297","30","so_rede_social","não contatado","","Oi! Vi o Suelen Menegusso Unhas Art — 297 avaliações, nota 5, mas o único link que aparece no Google é o Instagram. Um site próprio (mesmo simples) ajuda a converter muito mais quem já gostou do trabalho de vocês. Posso te mandar uma ideia rápida?"
"Studio Heloyse Rocha Nails Art","salão de unhas","balneario camburiu , itajai , itapema","(47) 99916-5060","https://www.instagram.com/hr_studionailsart?igsh=MWZtcmFwZWI0eXI4cg%3D%3D&utm_source=qr","5","119","30","so_rede_social","não contatado","","Oi! Vi o Studio Heloyse Rocha Nails Art — 119 avaliações, nota 5, mas o único link que aparece no Google é o Instagram. Um site próprio (mesmo simples) ajuda a converter muito mais quem já gostou do trabalho de vocês. Posso te mandar uma ideia rápida?"
"Una Manicure Spa - Unhas na Brava","salão de unhas","balneario camburiu , itajai , itapema","(47) 99995-5880","https://www.instagram.com/unamanicure?igsh=M2NybXk2dThuNmx1&utm_source=qr","5","67","30","so_rede_social","não contatado","","Oi! Vi o Una Manicure Spa - Unhas na Brava — 67 avaliações, nota 5, mas o único link que aparece no Google é o Instagram. Um site próprio (mesmo simples) ajuda a converter muito mais quem já gostou do trabalho de vocês. Posso te mandar uma ideia rápida?"
"STUDIO DJULY KIMBERLY -Alongamento de Unhas|Sobrancelhas|Bronze","salão de unhas","balneario camburiu , itajai , itapema","(47) 99223-7708","https://instagram.com/unhasdjulykim?igshid=YmMyMTA2M2Y=","5","110","30","so_rede_social","não contatado","","Oi! Vi o STUDIO DJULY KIMBERLY -Alongamento de Unhas|Sobrancelhas|Bronze — 110 avaliações, nota 5, mas o único link que aparece no Google é o Instagram. Um site próprio (mesmo simples) ajuda a converter muito mais quem já gostou do trabalho de vocês. Posso te mandar uma ideia rápida?"
"Deluca Studio Beauty - Extensão de Cílios","salão de unhas","balneario camburiu , itajai , itapema","(47) 99768-7441","https://www.instagram.com/delucastudiobeauty/","5","264","30","so_rede_social","não contatado","","Oi! Vi o Deluca Studio Beauty - Extensão de Cílios — 264 avaliações, nota 5, mas o único link que aparece no Google é o Instagram. Um site próprio (mesmo simples) ajuda a converter muito mais quem já gostou do trabalho de vocês. Posso te mandar uma ideia rápida?"
"Adri Bolda Esmalteria","salão de unhas","balneario camburiu , itajai , itapema","(47) 99925-6241","https://instagram.com/adriboldanails?igshid=YmMyMTA2M2Y=","5","91","30","so_rede_social","não contatado","","Oi! Vi o Adri Bolda Esmalteria — 91 avaliações, nota 5, mas o único link que aparece no Google é o Instagram. Um site próprio (mesmo simples) ajuda a converter muito mais quem já gostou do trabalho de vocês. Posso te mandar uma ideia rápida?"
"Max Lanches","hamburgueria","Franca, SP","(16) 99198-8891","https://www.instagram.com/max_lanchees/","4.5","261","30","so_rede_social","não contatado","","Oi! Vi o Max Lanches — 261 avaliações, nota 4.5, mas o único link que aparece no Google é o Instagram. Um site próprio (mesmo simples) ajuda a converter muito mais quem já gostou do trabalho de vocês. Posso te mandar uma ideia rápida?"
"Patinhas de Amor Petshop e Banho e Tosa","pet shop","Franca, SP","(16) 99210-4425","https://instagram.com/patinhasdeamorbanhoetosa?igshid=NDc0ODY0MjQ=","5","172","30","so_rede_social","não contatado","","Oi! Vi o Patinhas de Amor Petshop e Banho e Tosa — 172 avaliações, nota 5, mas o único link que aparece no Google é o Instagram. Um site próprio (mesmo simples) ajuda a converter muito mais quem já gostou do trabalho de vocês. Posso te mandar uma ideia rápida?"
"Barbearia VIP Balneário Camboriú da Avenida Brasil","barbearia","balneario camburiu , itajai , itapema","(47) 3311-2029","https://www.instagram.com/barbeariavipbcdabrasil","4.8","170","30","so_rede_social","não contatado","","Oi! Vi o Barbearia VIP Balneário Camboriú da Avenida Brasil — 170 avaliações, nota 4.8, mas o único link que aparece no Google é o Instagram. Um site próprio (mesmo simples) ajuda a converter muito mais quem já gostou do trabalho de vocês. Posso te mandar uma ideia rápida?"
"Barbearia VIP Balneário Camboriú","barbearia","balneario camburiu , itajai , itapema","(47) 3398-3771","https://www.instagram.com/barbeariavipbc/","4.6","241","30","so_rede_social","não contatado","","Oi! Vi o Barbearia VIP Balneário Camboriú — 241 avaliações, nota 4.6, mas o único link que aparece no Google é o Instagram. Um site próprio (mesmo simples) ajuda a converter muito mais quem já gostou do trabalho de vocês. Posso te mandar uma ideia rápida?"
"Thiago Barbearia","barbearia","balneario camburiu , itajai , itapema","(47) 99639-3016","https://instagram.com/barbeariadorval","5","304","30","so_rede_social","não contatado","","Oi! Vi o Thiago Barbearia — 304 avaliações, nota 5, mas o único link que aparece no Google é o Instagram. Um site próprio (mesmo simples) ajuda a converter muito mais quem já gostou do trabalho de vocês. Posso te mandar uma ideia rápida?"
"Galeria das Unhas","salão de unhas","Franca, SP","(16) 99320-7058","https://www.instagram.com/galeria_das_unhas?igsh=bWQ5dnJ6Nzc1NjN2","4.8","72","30","so_rede_social","não contatado","","Oi! Vi o Galeria das Unhas — 72 avaliações, nota 4.8, mas o único link que aparece no Google é o Instagram. Um site próprio (mesmo simples) ajuda a converter muito mais quem já gostou do trabalho de vocês. Posso te mandar uma ideia rápida?"
"Barbearia GG DU CORTE","barbearia","Franca, SP","(16) 99362-1171","http://www.instagram.com/barbeariaggducorte.oficial/","5","53","30","so_rede_social","não contatado","","Oi! Vi o Barbearia GG DU CORTE — 53 avaliações, nota 5, mas o único link que aparece no Google é o Instagram. Um site próprio (mesmo simples) ajuda a converter muito mais quem já gostou do trabalho de vocês. Posso te mandar uma ideia rápida?"
"Barbearia Barber Club","barbearia","Franca, SP","(16) 99167-6818","https://www.instagram.com/barberclubfranca?igshid=Zjc2ZTc4Nzk=","5","189","30","so_rede_social","não contatado","","Oi! Vi o Barbearia Barber Club — 189 avaliações, nota 5, mas o único link que aparece no Google é o Instagram. Um site próprio (mesmo simples) ajuda a converter muito mais quem já gostou do trabalho de vocês. Posso te mandar uma ideia rápida?"
"Barbearia Mr.Jones","barbearia","Franca, SP","(16) 99429-1356","http://facebook.com.br/barbeariamrjones","5","88","30","so_rede_social","não contatado","","Oi! Vi o Barbearia Mr.Jones — 88 avaliações, nota 5, mas o único link que aparece no Google é o Instagram. Um site próprio (mesmo simples) ajuda a converter muito mais quem já gostou do trabalho de vocês. Posso te mandar uma ideia rápida?"
"Dra. Paola Melo Pienezza","estética facial","Franca, SP","(16) 99262-8093","http://www.pienezzadermoestetica.com.br/","5","48","30","so_rede_social","não contatado","","Oi! Vi o Dra. Paola Melo Pienezza — 48 avaliações, nota 5, mas o único link que aparece no Google é o Instagram. Um site próprio (mesmo simples) ajuda a converter muito mais quem já gostou do trabalho de vocês. Posso te mandar uma ideia rápida?"
"Clínica FisioBeauty - Dra. Lidiane Taveira","estética facial","Franca, SP","(16) 99154-5203","http://www.fisiobeauty.com.br/","4.9","35","30","so_rede_social","não contatado","","Oi! Vi o Clínica FisioBeauty - Dra. Lidiane Taveira — 35 avaliações, nota 4.9, mas o único link que aparece no Google é o Instagram. Um site próprio (mesmo simples) ajuda a converter muito mais quem já gostou do trabalho de vocês. Posso te mandar uma ideia rápida?"
"Estética Avançada - Dra Mônica Barbosa","estética facial","Franca, SP","(16) 99226-9463","http://dramonicabarbosa.com.br/home","5","40","30","so_rede_social","não contatado","","Oi! Vi o Estética Avançada - Dra Mônica Barbosa — 40 avaliações, nota 5, mas o único link que aparece no Google é o Instagram. Um site próprio (mesmo simples) ajuda a converter muito mais quem já gostou do trabalho de vocês. Posso te mandar uma ideia rápida?"
"Terra do Pet - São Vicente","pet shop","Franca, SP","(16) 3724-1309","http://www.terradopet.com.br/","4.7","39","30","so_rede_social","não contatado","","Oi! Vi o Terra do Pet - São Vicente — 39 avaliações, nota 4.7, mas o único link que aparece no Google é o Instagram. Um site próprio (mesmo simples) ajuda a converter muito mais quem já gostou do trabalho de vocês. Posso te mandar uma ideia rápida?"
"Premium Pet Shop","pet shop","Franca, SP","(16) 98163-0381","https://www.instagram.com/premium.agropet?igsh=MTR4cXhzdDU1MXBjbQ%3D%3D&utm_source=qr","5","51","30","so_rede_social","não contatado","","Oi! Vi o Premium Pet Shop — 51 avaliações, nota 5, mas o único link que aparece no Google é o Instagram. Um site próprio (mesmo simples) ajuda a converter muito mais quem já gostou do trabalho de vocês. Posso te mandar uma ideia rápida?"
"Goiás Rural Pet Shop","pet shop","Franca, SP","(16) 3702-8366","https://www.instagram.com/goiasrural/","3.7","50","30","so_rede_social","não contatado","","Oi! Vi o Goiás Rural Pet Shop — 50 avaliações, nota 3.7, mas o único link que aparece no Google é o Instagram. Um site próprio (mesmo simples) ajuda a converter muito mais quem já gostou do trabalho de vocês. Posso te mandar uma ideia rápida?"
"𝕭𝖆𝖗𝖇𝖊𝖆𝖗𝖎𝖆 𝕮𝖍𝖊𝖋𝖊 𝕯𝖆 𝕹𝖆𝖛𝖆𝖑𝖍𝖆","barbearia","Franca, SP","","https://www.facebook.com/Ivan-Barbearia-Barbershop-108434833194002/?pnref=story","5","59","30","so_rede_social","não contatado","","Oi! Vi o 𝕭𝖆𝖗𝖇𝖊𝖆𝖗𝖎𝖆 𝕮𝖍𝖊𝖋𝖊 𝕯𝖆 𝕹𝖆𝖛𝖆𝖑𝖍𝖆 — 59 avaliações, nota 5, mas o único link que aparece no Google é o Instagram. Um site próprio (mesmo simples) ajuda a converter muito mais quem já gostou do trabalho de vocês. Posso te mandar uma ideia rápida?"
"Marcelo Barbearia","barbearia","Franca, SP","(16) 99103-7090","https://www.instagram.com/marcelo_barber5283/","5","186","30","so_rede_social","não contatado","","Oi! Vi o Marcelo Barbearia — 186 avaliações, nota 5, mas o único link que aparece no Google é o Instagram. Um site próprio (mesmo simples) ajuda a converter muito mais quem já gostou do trabalho de vocês. Posso te mandar uma ideia rápida?"
"Barbearia Blindao Barber Shop franca sp","barbearia","Franca, SP","(16) 99119-2481","https://instagram.com/blindaobarbershop?utm_medium=copy_link","4.9","87","30","so_rede_social","não contatado","","Oi! Vi o Barbearia Blindao Barber Shop franca sp — 87 avaliações, nota 4.9, mas o único link que aparece no Google é o Instagram. Um site próprio (mesmo simples) ajuda a converter muito mais quem já gostou do trabalho de vocês. Posso te mandar uma ideia rápida?"
"Academia Monster Gym Franca","academia","Franca, SP","(16) 99259-4018","https://www.instagram.com/monstergymfranca/","4.8","214","30","so_rede_social","não contatado","","Oi! Vi o Academia Monster Gym Franca — 214 avaliações, nota 4.8, mas o único link que aparece no Google é o Instagram. Um site próprio (mesmo simples) ajuda a converter muito mais quem já gostou do trabalho de vocês. Posso te mandar uma ideia rápida?"
"Famosinho Burger","hamburgueria","Franca, SP","(16) 99200-6073","https://www.instagram.com/famosinho_burger?igsh=cjJxcTE5enBlb3Vn","4.6","256","30","so_rede_social","não contatado","","Oi! Vi o Famosinho Burger — 256 avaliações, nota 4.6, mas o único link que aparece no Google é o Instagram. Um site próprio (mesmo simples) ajuda a converter muito mais quem já gostou do trabalho de vocês. Posso te mandar uma ideia rápida?"
"Skyfit Academia Franca","academia","Franca, SP","(16) 98110-0987","https://instagram.com/skyfitfranca?igshid=MzRlODBiNWFlZA==","4.2","171","30","so_rede_social","não contatado","","Oi! Vi o Skyfit Academia Franca — 171 avaliações, nota 4.2, mas o único link que aparece no Google é o Instagram. Um site próprio (mesmo simples) ajuda a converter muito mais quem já gostou do trabalho de vocês. Posso te mandar uma ideia rápida?"
"MIRRA ESTETICA LIMPEZA PELE PEELING MASSAGEM CRIOFREQUÊNCIA FLACIDEZ GORDURA LOCALIZADA ENZIMAS CELULITE ESTÉTICA FRANCA SP","estética facial","Franca, SP","(16) 99234-0018","https://www.facebook.com/DMirraEstetica/","5","212","30","so_rede_social","não contatado","","Oi! Vi o MIRRA ESTETICA LIMPEZA PELE PEELING MASSAGEM CRIOFREQUÊNCIA FLACIDEZ GORDURA LOCALIZADA ENZIMAS CELULITE ESTÉTICA FRANCA SP — 212 avaliações, nota 5, mas o único link que aparece no Google é o Instagram. Um site próprio (mesmo simples) ajuda a converter muito mais quem já gostou do trabalho de vocês. Posso te mandar uma ideia rápida?"
"Estética Gabriela Gonçalves - Franca SP","estética facial","Franca, SP","(16) 99289-4263","https://linktr.ee/EsteticaGabrielaGoncalves","5","175","30","so_rede_social","não contatado","","Oi! Vi o Estética Gabriela Gonçalves - Franca SP — 175 avaliações, nota 5, mas o único link que aparece no Google é o Instagram. Um site próprio (mesmo simples) ajuda a converter muito mais quem já gostou do trabalho de vocês. Posso te mandar uma ideia rápida?"
"Centro de Beleza Novo Stillo","salão de unhas","Franca, SP","(16) 99124-8913","https://linktr.ee/NovoStillo","5","151","30","so_rede_social","não contatado","","Oi! Vi o Centro de Beleza Novo Stillo — 151 avaliações, nota 5, mas o único link que aparece no Google é o Instagram. Um site próprio (mesmo simples) ajuda a converter muito mais quem já gostou do trabalho de vocês. Posso te mandar uma ideia rápida?"
"Imperial Agropet Matriz","pet shop","Franca, SP","","https://www.instagram.com/imperialagropet?igsh=bTdyamV4emdmbHMz","4.7","453","30","so_rede_social","não contatado","","Oi! Vi o Imperial Agropet Matriz — 453 avaliações, nota 4.7, mas o único link que aparece no Google é o Instagram. Um site próprio (mesmo simples) ajuda a converter muito mais quem já gostou do trabalho de vocês. Posso te mandar uma ideia rápida?"
"HM Barbearia","barbearia","Franca, SP","(16) 99210-4022","https://www.instagram.com/hm_.barbearia?igsh=MWNwbjJlZjk2ZnEyNw==","5","221","30","so_rede_social","não contatado","","Oi! Vi o HM Barbearia — 221 avaliações, nota 5, mas o único link que aparece no Google é o Instagram. Um site próprio (mesmo simples) ajuda a converter muito mais quem já gostou do trabalho de vocês. Posso te mandar uma ideia rápida?"
"Rota do Pet","pet shop","Franca, SP","(16) 99098-3563","https://www.instagram.com/rotadopet_/","4.9","68","30","so_rede_social","não contatado","","Oi! Vi o Rota do Pet — 68 avaliações, nota 4.9, mas o único link que aparece no Google é o Instagram. Um site próprio (mesmo simples) ajuda a converter muito mais quem já gostou do trabalho de vocês. Posso te mandar uma ideia rápida?"
"KDU ACADEMIA","academia","Franca, SP","(16) 99174-5539","https://www.facebook.com/EvoulutionGym/","4.9","301","30","so_rede_social","não contatado","","Oi! Vi o KDU ACADEMIA — 301 avaliações, nota 4.9, mas o único link que aparece no Google é o Instagram. Um site próprio (mesmo simples) ajuda a converter muito mais quem já gostou do trabalho de vocês. Posso te mandar uma ideia rápida?"
"Mineiro Sucos & Lanches","hamburgueria","Franca, SP","(16) 3722-2823","http://facebook.com/mineirosucos%20%20%20insta.%20mineiro_sucos","4.8","1320","30","so_rede_social","não contatado","","Oi! Vi o Mineiro Sucos & Lanches — 1320 avaliações, nota 4.8, mas o único link que aparece no Google é o Instagram. Um site próprio (mesmo simples) ajuda a converter muito mais quem já gostou do trabalho de vocês. Posso te mandar uma ideia rápida?"
"Pet Shop e Agropecuária - Palácio Rural","pet shop","Franca, SP","(16) 3701-2001","https://www.instagram.com/palacio.rural/","4.7","192","30","so_rede_social","não contatado","","Oi! Vi o Pet Shop e Agropecuária - Palácio Rural — 192 avaliações, nota 4.7, mas o único link que aparece no Google é o Instagram. Um site próprio (mesmo simples) ajuda a converter muito mais quem já gostou do trabalho de vocês. Posso te mandar uma ideia rápida?"
"Morgam's Barbearia e Cervejaria","barbearia","balneario camburiu , itajai , itapema","(47) 3056-3326","https://www.instagram.com/morgamsbarbearia/","4.9","97","30","so_rede_social","não contatado","","Oi! Vi o Morgam's Barbearia e Cervejaria — 97 avaliações, nota 4.9, mas o único link que aparece no Google é o Instagram. Um site próprio (mesmo simples) ajuda a converter muito mais quem já gostou do trabalho de vocês. Posso te mandar uma ideia rápida?"
"Clínica Dra Laiana Schneider - Clínica You","estética facial","balneario camburiu , itajai , itapema","(47) 99259-0331","https://www.instagram.com/clinicayou","5","106","30","so_rede_social","não contatado","","Oi! Vi o Clínica Dra Laiana Schneider - Clínica You — 106 avaliações, nota 5, mas o único link que aparece no Google é o Instagram. Um site próprio (mesmo simples) ajuda a converter muito mais quem já gostou do trabalho de vocês. Posso te mandar uma ideia rápida?"
"Praia do Pet","pet shop","balneario camburiu , itajai , itapema","(47) 99743-2543","https://www.instagram.com/praiadopet/","5","180","30","so_rede_social","não contatado","","Oi! Vi o Praia do Pet — 180 avaliações, nota 5, mas o único link que aparece no Google é o Instagram. Um site próprio (mesmo simples) ajuda a converter muito mais quem já gostou do trabalho de vocês. Posso te mandar uma ideia rápida?"
"Dona Pet","pet shop","balneario camburiu , itajai , itapema","(47) 99642-3047","http://donapetbc.com.br/","4.3","31","30","so_rede_social","não contatado","","Oi! Vi o Dona Pet — 31 avaliações, nota 4.3, mas o único link que aparece no Google é o Instagram. Um site próprio (mesmo simples) ajuda a converter muito mais quem já gostou do trabalho de vocês. Posso te mandar uma ideia rápida?"
"Peteca Pet Park Boutique Balneario Camboriu","pet shop","balneario camburiu , itajai , itapema","(47) 3311-6238","https://www.instagram.com/peteca.pet/","4.7","73","30","so_rede_social","não contatado","","Oi! Vi o Peteca Pet Park Boutique Balneario Camboriu — 73 avaliações, nota 4.7, mas o único link que aparece no Google é o Instagram. Um site próprio (mesmo simples) ajuda a converter muito mais quem já gostou do trabalho de vocês. Posso te mandar uma ideia rápida?"
"Unhas Dessa (Designer de Unhas)","salão de unhas","itapema","(54) 99696-7528","https://www.instagram.com/unhas__dessa/profilecard/?igsh=amUzNmQwazV5bms5","5","72","30","so_rede_social","não contatado","","Oi! Vi o Unhas Dessa (Designer de Unhas) — 72 avaliações, nota 5, mas o único link que aparece no Google é o Instagram. Um site próprio (mesmo simples) ajuda a converter muito mais quem já gostou do trabalho de vocês. Posso te mandar uma ideia rápida?"
"Éclat by Rubia Albonico Esmalteria","salão de unhas","itapema","(47) 98837-8321","http://www.instagram.com/eclatrubia","5","64","30","so_rede_social","não contatado","","Oi! Vi o Éclat by Rubia Albonico Esmalteria — 64 avaliações, nota 5, mas o único link que aparece no Google é o Instagram. Um site próprio (mesmo simples) ajuda a converter muito mais quem já gostou do trabalho de vocês. Posso te mandar uma ideia rápida?"
"Barbearia Pallazzo - Cabelo & Barba","barbearia","itapema","(47) 99290-3000","https://linktr.ee/pallazzobarbeariia?utm_source=linktree_profile_share","4.9","131","30","so_rede_social","não contatado","","Oi! Vi o Barbearia Pallazzo - Cabelo & Barba — 131 avaliações, nota 4.9, mas o único link que aparece no Google é o Instagram. Um site próprio (mesmo simples) ajuda a converter muito mais quem já gostou do trabalho de vocês. Posso te mandar uma ideia rápida?"
"Barbearia Junior's Meia Praia","barbearia","itapema","(47) 99124-4168","https://www.instagram.com/barbeariajuniorsmeiapraia/","4.8","161","30","so_rede_social","não contatado","","Oi! Vi o Barbearia Junior's Meia Praia — 161 avaliações, nota 4.8, mas o único link que aparece no Google é o Instagram. Um site próprio (mesmo simples) ajuda a converter muito mais quem já gostou do trabalho de vocês. Posso te mandar uma ideia rápida?"
"Barbearia da Skina","barbearia","itapema","(48) 99961-8491","https://www.instagram.com/barbeariadaskina_/","5","61","30","so_rede_social","não contatado","","Oi! Vi o Barbearia da Skina — 61 avaliações, nota 5, mas o único link que aparece no Google é o Instagram. Um site próprio (mesmo simples) ajuda a converter muito mais quem já gostou do trabalho de vocês. Posso te mandar uma ideia rápida?"
"Sirena Hamburgueria Itapema","hamburgueria","itapema","(47) 98486-3228","https://www.instagram.com/sirenaitapema?igsh=MXhpdmd2ZTJxNmlvMQ==","4.5","215","30","so_rede_social","não contatado","","Oi! Vi o Sirena Hamburgueria Itapema — 215 avaliações, nota 4.5, mas o único link que aparece no Google é o Instagram. Um site próprio (mesmo simples) ajuda a converter muito mais quem já gostou do trabalho de vocês. Posso te mandar uma ideia rápida?"
"The Chef's Burguer","hamburgueria","itapema","(47) 99757-2921","https://instagram.com/thechefsburger?igshid=rexggjg6za7d","4.6","57","30","so_rede_social","não contatado","","Oi! Vi o The Chef's Burguer — 57 avaliações, nota 4.6, mas o único link que aparece no Google é o Instagram. Um site próprio (mesmo simples) ajuda a converter muito mais quem já gostou do trabalho de vocês. Posso te mandar uma ideia rápida?"
"💪Academia UFit Itapema - Morretes","academia","itapema","(47) 99984-3943","https://l.instagram.com/?u=https%3A%2F%2Flinklist.bio%2Fufitmorretes%3Futm_source%3Dig%26utm_medium%3Dsocial%26utm_content%3Dlink_in_bio%26fbclid%3DPAZXh0bgNhZW0CMTEAc3J0YwZhcHBfaWQMMjU2MjgxMDQwNTU4AAGn6RXjd5imhjeg8QLV2DJNiyKLwVfPeeHo33KrGuf5yOm5fn7ow9PPOECz4qo_aem_ZYQhA2VVz6TUXCBx3iejEA&e=AT3yMto2LTh04uqrBBXbV9TYM_WzGUdDcS6iTbKsB9AMbIPvVo16rJFNbzJki7l0RUO8vbH45jXRE8VC6P05vALZu1eoFRc7_3lVWnAW8SBuStCB3JxURNZ6HA","4.7","298","30","so_rede_social","não contatado","","Oi! Vi o 💪Academia UFit Itapema - Morretes — 298 avaliações, nota 4.7, mas o único link que aparece no Google é o Instagram. Um site próprio (mesmo simples) ajuda a converter muito mais quem já gostou do trabalho de vocês. Posso te mandar uma ideia rápida?"
"Centro de Treinamento Classic","academia","itapema","(47) 99158-0463","http://instagram.com/classiccte","5","106","30","so_rede_social","não contatado","","Oi! Vi o Centro de Treinamento Classic — 106 avaliações, nota 5, mas o único link que aparece no Google é o Instagram. Um site próprio (mesmo simples) ajuda a converter muito mais quem já gostou do trabalho de vocês. Posso te mandar uma ideia rápida?"
"All Black - Funcional e Muay Thai","academia","itapema","(47) 99699-8811","https://www.facebook.com/allblacktreinamento/?ref=br_rs","5","133","30","so_rede_social","não contatado","","Oi! Vi o All Black - Funcional e Muay Thai — 133 avaliações, nota 5, mas o único link que aparece no Google é o Instagram. Um site próprio (mesmo simples) ajuda a converter muito mais quem já gostou do trabalho de vocês. Posso te mandar uma ideia rápida?"
"Clínica Estética Itapema Patrícia Matos","estética facial","itapema","(47) 99928-9108","https://www.instagram.com/patriciamatos.estetica?igsh=MW15eGIyOHZkMGhpag==","5","158","30","so_rede_social","não contatado","","Oi! Vi o Clínica Estética Itapema Patrícia Matos — 158 avaliações, nota 5, mas o único link que aparece no Google é o Instagram. Um site próprio (mesmo simples) ajuda a converter muito mais quem já gostou do trabalho de vocês. Posso te mandar uma ideia rápida?"
"Jiovialle Estética Avançada","estética facial","itapema","(47) 99202-0253","https://www.instagram.com/jiovialle","5","62","30","so_rede_social","não contatado","","Oi! Vi o Jiovialle Estética Avançada — 62 avaliações, nota 5, mas o único link que aparece no Google é o Instagram. Um site próprio (mesmo simples) ajuda a converter muito mais quem já gostou do trabalho de vocês. Posso te mandar uma ideia rápida?"
"Let's Pet Boutique - Pet Shop","pet shop","itapema","(47) 99670-9589","https://linktr.ee/letspetboutique","4.9","52","30","so_rede_social","não contatado","","Oi! Vi o Let's Pet Boutique - Pet Shop — 52 avaliações, nota 4.9, mas o único link que aparece no Google é o Instagram. Um site próprio (mesmo simples) ajuda a converter muito mais quem já gostou do trabalho de vocês. Posso te mandar uma ideia rápida?"
"Studio Animal","pet shop","itapema","(47) 99717-5356","https://www.facebook.com/Agropecuaria-e-Pet-Shop-Studio-Animal-351820964837190/","4.6","92","30","so_rede_social","não contatado","","Oi! Vi o Studio Animal — 92 avaliações, nota 4.6, mas o único link que aparece no Google é o Instagram. Um site próprio (mesmo simples) ajuda a converter muito mais quem já gostou do trabalho de vocês. Posso te mandar uma ideia rápida?"
"Kabaak Deck & Bar","Bares","itapema","(47) 99242-6078","http://instagram.com/kabaakdeckebar","4.4","1874","30","so_rede_social","não contatado","","Oi! Vi o Kabaak Deck & Bar — 1874 avaliações, nota 4.4, mas o único link que aparece no Google é o Instagram. Um site próprio (mesmo simples) ajuda a converter muito mais quem já gostou do trabalho de vocês. Posso te mandar uma ideia rápida?"
"Choperia e Petiscaria Coisas do Chico l Itapema - Meia Praia","Bares","itapema","(47) 3268-8126","https://instagram.com/coisasdochicochoperia?igshid=Yzg5MTU1MDY=","4.5","2776","30","so_rede_social","não contatado","","Oi! Vi o Choperia e Petiscaria Coisas do Chico l Itapema - Meia Praia — 2776 avaliações, nota 4.5, mas o único link que aparece no Google é o Instagram. Um site próprio (mesmo simples) ajuda a converter muito mais quem já gostou do trabalho de vocês. Posso te mandar uma ideia rápida?"
"Oba Oba Restaurante bar","Bares","itapema","(47) 99725-1091","https://www.facebook.com/ObaObaRestauranteBar/","4.6","3019","30","so_rede_social","não contatado","","Oi! Vi o Oba Oba Restaurante bar — 3019 avaliações, nota 4.6, mas o único link que aparece no Google é o Instagram. Um site próprio (mesmo simples) ajuda a converter muito mais quem já gostou do trabalho de vocês. Posso te mandar uma ideia rápida?"
"Villa Temple Sport","Bares","itapema","(44) 99841-9110","https://www.instagram.com/villatemplesport/","4.6","826","30","so_rede_social","não contatado","","Oi! Vi o Villa Temple Sport — 826 avaliações, nota 4.6, mas o único link que aparece no Google é o Instagram. Um site próprio (mesmo simples) ajuda a converter muito mais quem já gostou do trabalho de vocês. Posso te mandar uma ideia rápida?"
"Pé na Areia Bar e Petiscaria","Bares","itapema","","http://facebook.com/barpenaareiaa","4.7","298","30","so_rede_social","não contatado","","Oi! Vi o Pé na Areia Bar e Petiscaria — 298 avaliações, nota 4.7, mas o único link que aparece no Google é o Instagram. Um site próprio (mesmo simples) ajuda a converter muito mais quem já gostou do trabalho de vocês. Posso te mandar uma ideia rápida?"
"Garcia's Chopperia e Petiscaria","Bares","itapema","(47) 99725-3000","https://www.instagram.com/garciaschopperiaepetiscaria/","4.6","928","30","so_rede_social","não contatado","","Oi! Vi o Garcia's Chopperia e Petiscaria — 928 avaliações, nota 4.6, mas o único link que aparece no Google é o Instagram. Um site próprio (mesmo simples) ajuda a converter muito mais quem já gostou do trabalho de vocês. Posso te mandar uma ideia rápida?"
"Smoke Drink Lounge","Bares","itapema","(47) 99909-5705","https://www.instagram.com/smokedrink_lounge?igsh=MWVoYmRva3Rpd3pqNw==","4.6","555","30","so_rede_social","não contatado","","Oi! Vi o Smoke Drink Lounge — 555 avaliações, nota 4.6, mas o único link que aparece no Google é o Instagram. Um site próprio (mesmo simples) ajuda a converter muito mais quem já gostou do trabalho de vocês. Posso te mandar uma ideia rápida?"
"Liliane Pereira| Manicure","salão de unhas","Franca, SP","(16) 99159-0568","https://online.maapp.com.br/Lilianepereiranails","5","20","25","poucas_reviews","não contatado","","Oi! Vi o Liliane Pereira| Manicure aqui em Franca, ótima nota (5⭐) mas pouca gente avaliando ainda — isso é oportunidade perdida no Google. Ajudo negócios locais a aparecer mais e converter mais avaliação em cliente novo. Topa ver uma ideia rápida?"
"Barbearia em Franca - Luan Costa","barbearia","Franca, SP","(16) 99204-7967","https://chat.inbarberapp.com/?id=21ae52bf-c3ee-45ab-87da-80be7df0d254","5","23","25","poucas_reviews","não contatado","","Oi! Vi o Barbearia em Franca - Luan Costa aqui em Franca, ótima nota (5⭐) mas pouca gente avaliando ainda — isso é oportunidade perdida no Google. Ajudo negócios locais a aparecer mais e converter mais avaliação em cliente novo. Topa ver uma ideia rápida?"
"Academia em Franca","academia","Franca, SP","","https://www.fitsse.com.br/","","","25","poucas_reviews","não contatado","","Oi! Vi o Academia em Franca aqui em Franca, ótima nota (-⭐) mas pouca gente avaliando ainda — isso é oportunidade perdida no Google. Ajudo negócios locais a aparecer mais e converter mais avaliação em cliente novo. Topa ver uma ideia rápida?"
"The Hill Capital | BTG Pactual - Franca","investimentos","Franca, SP","(16) 3727-7845","https://www.thehill.capital/","","","25","poucas_reviews","não contatado","","Oi! Vi o The Hill Capital | BTG Pactual - Franca aqui em Franca, ótima nota (-⭐) mas pouca gente avaliando ainda — isso é oportunidade perdida no Google. Ajudo negócios locais a aparecer mais e converter mais avaliação em cliente novo. Topa ver uma ideia rápida?"
"GKON CONSÓRCIOS & INVESTIMENTOS","investimentos","Franca, SP","(16) 99202-2048","https://gkonconsorcios.com.br/","5","16","25","poucas_reviews","não contatado","","Oi! Vi o GKON CONSÓRCIOS & INVESTIMENTOS aqui em Franca, ótima nota (5⭐) mas pouca gente avaliando ainda — isso é oportunidade perdida no Google. Ajudo negócios locais a aparecer mais e converter mais avaliação em cliente novo. Topa ver uma ideia rápida?"
"Roots Burguer","hamburgueria","Franca, SP","(16) 99464-1174","https://wa.me/c/5516994641174","4.8","17","25","poucas_reviews","não contatado","","Oi! Vi o Roots Burguer aqui em Franca, ótima nota (4.8⭐) mas pouca gente avaliando ainda — isso é oportunidade perdida no Google. Ajudo negócios locais a aparecer mais e converter mais avaliação em cliente novo. Topa ver uma ideia rápida?"
"Academia BlueFit Franca","academia","Franca, SP","(11) 93234-0182","https://www.bluefit.com.br/unidade/franca","4.8","24","25","poucas_reviews","não contatado","","Oi! Vi o Academia BlueFit Franca aqui em Franca, ótima nota (4.8⭐) mas pouca gente avaliando ainda — isso é oportunidade perdida no Google. Ajudo negócios locais a aparecer mais e converter mais avaliação em cliente novo. Topa ver uma ideia rápida?"
"Aumiau Petshop - Banho, Tosa & Hospedagem","pet shop","balneario camburiu , itajai , itapema","(47) 99217-8900","https://aumiau.com.br/","5","23","25","poucas_reviews","não contatado","","Oi! Vi o Aumiau Petshop - Banho, Tosa & Hospedagem aqui em Franca, ótima nota (5⭐) mas pouca gente avaliando ainda — isso é oportunidade perdida no Google. Ajudo negócios locais a aparecer mais e converter mais avaliação em cliente novo. Topa ver uma ideia rápida?"
"Cristal Burguer","hamburgueria","itapema","(47) 98810-6342","https://app.cardapioweb.com/cristal_burguer","5","28","25","poucas_reviews","não contatado","","Oi! Vi o Cristal Burguer aqui em Franca, ótima nota (5⭐) mas pouca gente avaliando ainda — isso é oportunidade perdida no Google. Ajudo negócios locais a aparecer mais e converter mais avaliação em cliente novo. Topa ver uma ideia rápida?"
"Harmonização facial - Dra. Renata Waltrick Arruda","estética facial","itapema","(47) 99188-6668","https://www.drarenatawaltrick.com.br/","5","23","25","poucas_reviews","não contatado","","Oi! Vi o Harmonização facial - Dra. Renata Waltrick Arruda aqui em Franca, ótima nota (5⭐) mas pouca gente avaliando ainda — isso é oportunidade perdida no Google. Ajudo negócios locais a aparecer mais e converter mais avaliação em cliente novo. Topa ver uma ideia rápida?"
"Derma Up | Clínica Estética em Itapema - Botox | Preenchimento Labial","estética facial","itapema","(47) 99273-8494","https://wa.me/5547992738494","5","15","25","poucas_reviews","não contatado","","Oi! Vi o Derma Up | Clínica Estética em Itapema - Botox | Preenchimento Labial aqui em Franca, ótima nota (5⭐) mas pouca gente avaliando ainda — isso é oportunidade perdida no Google. Ajudo negócios locais a aparecer mais e converter mais avaliação em cliente novo. Topa ver uma ideia rápida?"
"Inkér Estética Avançada - Clinica Itapema","estética facial","itapema","(47) 99728-1084","https://wa.me/5547997281084","5","25","25","poucas_reviews","não contatado","","Oi! Vi o Inkér Estética Avançada - Clinica Itapema aqui em Franca, ótima nota (5⭐) mas pouca gente avaliando ainda — isso é oportunidade perdida no Google. Ajudo negócios locais a aparecer mais e converter mais avaliação em cliente novo. Topa ver uma ideia rápida?"
"Austin Barbearia","barbearia","Ribeirão Preto, SP","(16) 3442-3474","http://www.austinbarbearia.com.br/","4.9","277","20","so_rede_social","não contatado","","Oi! Vi o Austin Barbearia — 277 avaliações, nota 4.9, mas o único link que aparece no Google é o Instagram. Um site próprio (mesmo simples) ajuda a converter muito mais quem já gostou do trabalho de vocês. Posso te mandar uma ideia rápida?"
"Tchellus Burger PZ Ecomall - Balneário Camboriú","hamburgueria","balneario camburiu , itajai , itapema","(47) 99779-5427","http://www.ifood.com.br/delivery/balneario-camboriu-sc/tchellus-burger-centro/34e20895-1602-4dd2-95c5-471386b36272","4.9","950","20","so_rede_social","não contatado","","Oi! Vi o Tchellus Burger PZ Ecomall - Balneário Camboriú — 950 avaliações, nota 4.9, mas o único link que aparece no Google é o Instagram. Um site próprio (mesmo simples) ajuda a converter muito mais quem já gostou do trabalho de vocês. Posso te mandar uma ideia rápida?"
"Barbearia Faciolli","barbearia","Franca, SP","(16) 98108-9083","http://bit.ly/phone5516993924554","5","84","20","so_rede_social","não contatado","","Oi! Vi o Barbearia Faciolli — 84 avaliações, nota 5, mas o único link que aparece no Google é o Instagram. Um site próprio (mesmo simples) ajuda a converter muito mais quem já gostou do trabalho de vocês. Posso te mandar uma ideia rápida?"
"General Pepper Restaurante Hamburgueria","hamburgueria","balneario camburiu , itajai , itapema","(47) 3344-0728","http://www.generalpepper.com.br/","4.5","2590","20","so_rede_social","não contatado","","Oi! Vi o General Pepper Restaurante Hamburgueria — 2590 avaliações, nota 4.5, mas o único link que aparece no Google é o Instagram. Um site próprio (mesmo simples) ajuda a converter muito mais quem já gostou do trabalho de vocês. Posso te mandar uma ideia rápida?"
"Madero Steak House","hamburgueria","balneario camburiu , itajai , itapema","(47) 3514-0528","http://www.restaurantemadero.com.br/","4.5","5664","20","so_rede_social","não contatado","","Oi! Vi o Madero Steak House — 5664 avaliações, nota 4.5, mas o único link que aparece no Google é o Instagram. Um site próprio (mesmo simples) ajuda a converter muito mais quem já gostou do trabalho de vocês. Posso te mandar uma ideia rápida?"
"Comilança - Lanches, porções e marmitas em itapema","hamburgueria","itapema","(47) 99674-9738","http://comilancaxis.com.br/","4.8","632","20","so_rede_social","não contatado","","Oi! Vi o Comilança - Lanches, porções e marmitas em itapema — 632 avaliações, nota 4.8, mas o único link que aparece no Google é o Instagram. Um site próprio (mesmo simples) ajuda a converter muito mais quem já gostou do trabalho de vocês. Posso te mandar uma ideia rápida?"
"Parra Imobiliária","corretoras","Franca, SP","(16) 3707-3310","http://www.parraimobiliaria.com.br/","4.8","3051","20","so_rede_social","não contatado","","Oi! Vi o Parra Imobiliária — 3051 avaliações, nota 4.8, mas o único link que aparece no Google é o Instagram. Um site próprio (mesmo simples) ajuda a converter muito mais quem já gostou do trabalho de vocês. Posso te mandar uma ideia rápida?"
"Agnello Imóveis - Credibilidade é o nosso forte","corretoras","Franca, SP","(16) 3711-0000","http://www.agnelloimoveis.com.br/","4.8","1742","20","so_rede_social","não contatado","","Oi! Vi o Agnello Imóveis - Credibilidade é o nosso forte — 1742 avaliações, nota 4.8, mas o único link que aparece no Google é o Instagram. Um site próprio (mesmo simples) ajuda a converter muito mais quem já gostou do trabalho de vocês. Posso te mandar uma ideia rápida?"
"Garcia Corretora de Seguros","corretoras","Franca, SP","(16) 3727-4433","http://garciaseguros.com.br/","5","153","20","so_rede_social","não contatado","","Oi! Vi o Garcia Corretora de Seguros — 153 avaliações, nota 5, mas o único link que aparece no Google é o Instagram. Um site próprio (mesmo simples) ajuda a converter muito mais quem já gostou do trabalho de vocês. Posso te mandar uma ideia rápida?"
"Imobiliária Calixto","corretoras","Franca, SP","(16) 3724-1055","http://www.calixtoimoveis.com.br/","4.4","310","20","so_rede_social","não contatado","","Oi! Vi o Imobiliária Calixto — 310 avaliações, nota 4.4, mas o único link que aparece no Google é o Instagram. Um site próprio (mesmo simples) ajuda a converter muito mais quem já gostou do trabalho de vocês. Posso te mandar uma ideia rápida?"
"IMOBILIÁRIA LEMOS FRANCA SP","corretoras","Franca, SP","(16) 3723-0045","http://www.imobiliarialemos.com.br/","4.5","91","20","so_rede_social","não contatado","","Oi! Vi o IMOBILIÁRIA LEMOS FRANCA SP — 91 avaliações, nota 4.5, mas o único link que aparece no Google é o Instagram. Um site próprio (mesmo simples) ajuda a converter muito mais quem já gostou do trabalho de vocês. Posso te mandar uma ideia rápida?"
"HABITAT - imobiliária e Construtora","corretoras","Franca, SP","(16) 3721-2112","http://www.grupohabitat.com.br/","3.9","81","20","so_rede_social","não contatado","","Oi! Vi o HABITAT - imobiliária e Construtora — 81 avaliações, nota 3.9, mas o único link que aparece no Google é o Instagram. Um site próprio (mesmo simples) ajuda a converter muito mais quem já gostou do trabalho de vocês. Posso te mandar uma ideia rápida?"
"Olá Franca Negócios Imobiliários - Imobiliária Franca","corretoras","Franca, SP","(16) 99377-2559","http://olafranca.com.br/","4.8","190","20","so_rede_social","não contatado","","Oi! Vi o Olá Franca Negócios Imobiliários - Imobiliária Franca — 190 avaliações, nota 4.8, mas o único link que aparece no Google é o Instagram. Um site próprio (mesmo simples) ajuda a converter muito mais quem já gostou do trabalho de vocês. Posso te mandar uma ideia rápida?"
"Imobiliária Plano","corretoras","Franca, SP","(16) 3707-1688","http://www.imobiliariaplano.com.br/","3.8","463","20","so_rede_social","não contatado","","Oi! Vi o Imobiliária Plano — 463 avaliações, nota 3.8, mas o único link que aparece no Google é o Instagram. Um site próprio (mesmo simples) ajuda a converter muito mais quem já gostou do trabalho de vocês. Posso te mandar uma ideia rápida?"
"MFC","academia","balneario camburiu , itajai , itapema","(47) 3311-7161","http://www.mfcbc.com.br/","4.7","324","20","so_rede_social","não contatado","","Oi! Vi o MFC — 324 avaliações, nota 4.7, mas o único link que aparece no Google é o Instagram. Um site próprio (mesmo simples) ajuda a converter muito mais quem já gostou do trabalho de vocês. Posso te mandar uma ideia rápida?"
"Academia Sparta55BC Barra Sul","academia","balneario camburiu , itajai , itapema","(47) 98853-9204","http://www.sparta55bc.com/","4.6","101","20","so_rede_social","não contatado","","Oi! Vi o Academia Sparta55BC Barra Sul — 101 avaliações, nota 4.6, mas o único link que aparece no Google é o Instagram. Um site próprio (mesmo simples) ajuda a converter muito mais quem já gostou do trabalho de vocês. Posso te mandar uma ideia rápida?"
"Academia Next Fitness","academia","itapema","(47) 3368-1300","http://nextfitness.com.br/","4.7","171","20","so_rede_social","não contatado","","Oi! Vi o Academia Next Fitness — 171 avaliações, nota 4.7, mas o único link que aparece no Google é o Instagram. Um site próprio (mesmo simples) ajuda a converter muito mais quem já gostou do trabalho de vocês. Posso te mandar uma ideia rápida?"
"Barbearia Barba Negra","barbearia","balneario camburiu , itajai , itapema","(47) 97400-0316","http://www.barbanegrabarbershop.com.br/","5","206","20","so_rede_social","não contatado","","Oi! Vi o Barbearia Barba Negra — 206 avaliações, nota 5, mas o único link que aparece no Google é o Instagram. Um site próprio (mesmo simples) ajuda a converter muito mais quem já gostou do trabalho de vocês. Posso te mandar uma ideia rápida?"
"Barbearia Dom Produzi Camboriú","barbearia","balneario camburiu , itajai , itapema","(47) 98802-5691","http://www.domproduzi.com.br/","5","842","20","so_rede_social","não contatado","","Oi! Vi o Barbearia Dom Produzi Camboriú — 842 avaliações, nota 5, mas o único link que aparece no Google é o Instagram. Um site próprio (mesmo simples) ajuda a converter muito mais quem já gostou do trabalho de vocês. Posso te mandar uma ideia rápida?"
"After Burguer - Hamburgueria","hamburgueria","Franca, SP","(16) 99225-5149","http://afterburguer.app/","4.6","155","20","so_rede_social","não contatado","","Oi! Vi o After Burguer - Hamburgueria — 155 avaliações, nota 4.6, mas o único link que aparece no Google é o Instagram. Um site próprio (mesmo simples) ajuda a converter muito mais quem já gostou do trabalho de vocês. Posso te mandar uma ideia rápida?"
"Xprime Academia Franca","academia","Franca, SP","(16) 3702-5750","http://www.xprimeacademia.com.br/unidades/franca","4.7","555","20","so_rede_social","não contatado","","Oi! Vi o Xprime Academia Franca — 555 avaliações, nota 4.7, mas o único link que aparece no Google é o Instagram. Um site próprio (mesmo simples) ajuda a converter muito mais quem já gostou do trabalho de vocês. Posso te mandar uma ideia rápida?"
"Clínica Estética Fisioforma - Unidade Franca","estética facial","Franca, SP","(16) 99794-6865","http://fisioforma.com.br/","4.9","65","20","so_rede_social","não contatado","","Oi! Vi o Clínica Estética Fisioforma - Unidade Franca — 65 avaliações, nota 4.9, mas o único link que aparece no Google é o Instagram. Um site próprio (mesmo simples) ajuda a converter muito mais quem já gostou do trabalho de vocês. Posso te mandar uma ideia rápida?"
"Vet Franca Petshop e Clínica Veterinária","pet shop","Franca, SP","(16) 99946-6666","http://www.vetfranca.com.br/","4.7","161","20","so_rede_social","não contatado","","Oi! Vi o Vet Franca Petshop e Clínica Veterinária — 161 avaliações, nota 4.7, mas o único link que aparece no Google é o Instagram. Um site próprio (mesmo simples) ajuda a converter muito mais quem já gostou do trabalho de vocês. Posso te mandar uma ideia rápida?"
"Z+ CT","academia","Franca, SP","(16) 99455-5554","http://zmaisct.com.br/","4.9","61","20","so_rede_social","não contatado","","Oi! Vi o Z+ CT — 61 avaliações, nota 4.9, mas o único link que aparece no Google é o Instagram. Um site próprio (mesmo simples) ajuda a converter muito mais quem já gostou do trabalho de vocês. Posso te mandar uma ideia rápida?"
"Madero & Jeronimo Burger Franca","hamburgueria","Franca, SP","(16) 3030-0011","http://www.restaurantemadero.com.br/","4.6","657","20","so_rede_social","não contatado","","Oi! Vi o Madero & Jeronimo Burger Franca — 657 avaliações, nota 4.6, mas o único link que aparece no Google é o Instagram. Um site próprio (mesmo simples) ajuda a converter muito mais quem já gostou do trabalho de vocês. Posso te mandar uma ideia rápida?"
"Amanda Guin | Clínica de Estética Facial Avançada","estética facial","balneario camburiu , itajai , itapema","(47) 99223-7783","http://amandaguin.forttilo.com.br/","5","51","20","so_rede_social","não contatado","","Oi! Vi o Amanda Guin | Clínica de Estética Facial Avançada — 51 avaliações, nota 5, mas o único link que aparece no Google é o Instagram. Um site próprio (mesmo simples) ajuda a converter muito mais quem já gostou do trabalho de vocês. Posso te mandar uma ideia rápida?"
"Clínica Estética Princila Andreatta","estética facial","balneario camburiu , itajai , itapema","(47) 99284-5034","http://www.princilaandreatta.com.br/","5","87","20","so_rede_social","não contatado","","Oi! Vi o Clínica Estética Princila Andreatta — 87 avaliações, nota 5, mas o único link que aparece no Google é o Instagram. Um site próprio (mesmo simples) ajuda a converter muito mais quem já gostou do trabalho de vocês. Posso te mandar uma ideia rápida?"
"Litoral Pet","pet shop","balneario camburiu , itajai , itapema","(47) 3311-1597","http://www.litoralpet.com.br/","4.7","228","20","so_rede_social","não contatado","","Oi! Vi o Litoral Pet — 228 avaliações, nota 4.7, mas o único link que aparece no Google é o Instagram. Um site próprio (mesmo simples) ajuda a converter muito mais quem já gostou do trabalho de vocês. Posso te mandar uma ideia rápida?"
"Rei da Vila Pet","pet shop","balneario camburiu , itajai , itapema","(47) 3361-6625","http://www.reidavila.com.br/","4.7","522","20","so_rede_social","não contatado","","Oi! Vi o Rei da Vila Pet — 522 avaliações, nota 4.7, mas o único link que aparece no Google é o Instagram. Um site próprio (mesmo simples) ajuda a converter muito mais quem já gostou do trabalho de vocês. Posso te mandar uma ideia rápida?"
"Jéssica Siqueira Concept","salão de unhas","itapema","(47) 99284-2501","http://maxyouconcept.com.br/","5","321","20","so_rede_social","não contatado","","Oi! Vi o Jéssica Siqueira Concept — 321 avaliações, nota 5, mas o único link que aparece no Google é o Instagram. Um site próprio (mesmo simples) ajuda a converter muito mais quem já gostou do trabalho de vocês. Posso te mandar uma ideia rápida?"
"Barbearia Dom Produzi Tabuleiro","barbearia","itapema","(47) 98802-5691","http://domproduzi.com.br/","5","711","20","so_rede_social","não contatado","","Oi! Vi o Barbearia Dom Produzi Tabuleiro — 711 avaliações, nota 5, mas o único link que aparece no Google é o Instagram. Um site próprio (mesmo simples) ajuda a converter muito mais quem já gostou do trabalho de vocês. Posso te mandar uma ideia rápida?"
"Madero & Jeronimo Burger Itapema","hamburgueria","itapema","(47) 3514-1320","http://www.restaurantemadero.com.br/","4.5","4136","20","so_rede_social","não contatado","","Oi! Vi o Madero & Jeronimo Burger Itapema — 4136 avaliações, nota 4.5, mas o único link que aparece no Google é o Instagram. Um site próprio (mesmo simples) ajuda a converter muito mais quem já gostou do trabalho de vocês. Posso te mandar uma ideia rápida?"
"X Frederico - Hamburgueria Artesanal e Xis Gaúcho em Itapema","hamburgueria","itapema","(47) 99165-4157","http://x-frederico.lovable.app/","4.7","1199","20","so_rede_social","não contatado","","Oi! Vi o X Frederico - Hamburgueria Artesanal e Xis Gaúcho em Itapema — 1199 avaliações, nota 4.7, mas o único link que aparece no Google é o Instagram. Um site próprio (mesmo simples) ajuda a converter muito mais quem já gostou do trabalho de vocês. Posso te mandar uma ideia rápida?"
"Smash Stash Burgers & Fries","hamburgueria","itapema","(47) 99261-7962","http://smashstash.com.br/","5","71","20","so_rede_social","não contatado","","Oi! Vi o Smash Stash Burgers & Fries — 71 avaliações, nota 5, mas o único link que aparece no Google é o Instagram. Um site próprio (mesmo simples) ajuda a converter muito mais quem já gostou do trabalho de vocês. Posso te mandar uma ideia rápida?"
"Academia New Corpore Meia Praia Itapema","academia","itapema","(47) 3368-5832","http://lpnewcorpore.lovable.app/","4.5","210","20","so_rede_social","não contatado","","Oi! Vi o Academia New Corpore Meia Praia Itapema — 210 avaliações, nota 4.5, mas o único link que aparece no Google é o Instagram. Um site próprio (mesmo simples) ajuda a converter muito mais quem já gostou do trabalho de vocês. Posso te mandar uma ideia rápida?"
"Miaupatas Clínica Veterinária e Pet Shop","pet shop","itapema","(47) 3366-8974","http://www.aupatas.com.br/","4.5","56","20","so_rede_social","não contatado","","Oi! Vi o Miaupatas Clínica Veterinária e Pet Shop — 56 avaliações, nota 4.5, mas o único link que aparece no Google é o Instagram. Um site próprio (mesmo simples) ajuda a converter muito mais quem já gostou do trabalho de vocês. Posso te mandar uma ideia rápida?"
"Burbans - Cervejaria Urbana","Bares","itapema","(47) 99650-2854","http://www.burbans.com.br/","4.7","491","20","so_rede_social","não contatado","","Oi! Vi o Burbans - Cervejaria Urbana — 491 avaliações, nota 4.7, mas o único link que aparece no Google é o Instagram. Um site próprio (mesmo simples) ajuda a converter muito mais quem já gostou do trabalho de vocês. Posso te mandar uma ideia rápida?"
"Hassi Burger & Lanches","hamburgueria","itapema","(47) 98917-3987","https://pedido.anota.ai/loja/hassi-burger?f=msa","5","32","10","geral","não contatado","","Oi! Vi o Hassi Burger & Lanches aqui em Franca. Ajudo negócios locais a vender mais com automação de WhatsApp, Instagram e presença digital — posso te mandar um exemplo rápido do que consigo fazer pro seu ramo?"
"Route77 burguer","hamburgueria","Franca, SP","(16) 99247-3172","https://www.bigdim.com.br/delivery/hamburgueiraroute77","4.9","31","10","geral","não contatado","","Oi! Vi o Route77 burguer aqui em Franca. Ajudo negócios locais a vender mais com automação de WhatsApp, Instagram e presença digital — posso te mandar um exemplo rápido do que consigo fazer pro seu ramo?"
"Pet Family Rações Banho e Tosa - Loja 2","pet shop","Franca, SP","(16) 3703-8741","https://taplink.cc/petfamilyljs2","4.8","43","10","geral","não contatado","","Oi! Vi o Pet Family Rações Banho e Tosa - Loja 2 aqui em Franca. Ajudo negócios locais a vender mais com automação de WhatsApp, Instagram e presença digital — posso te mandar um exemplo rápido do que consigo fazer pro seu ramo?"
"Carlos Soares Corretor de Imóveis","corretoras","Franca, SP","(16) 3724-0006","https://www.carlosimoveisfranca.com.br/","4.4","19","10","geral","não contatado","","Oi! Vi o Carlos Soares Corretor de Imóveis aqui em Franca. Ajudo negócios locais a vender mais com automação de WhatsApp, Instagram e presença digital — posso te mandar um exemplo rápido do que consigo fazer pro seu ramo?"
"Blue3 Investimentos","investimentos","Franca, SP","(16) 3712-0700","https://blue3investimentos.com.br/?utm_source=google&utm_medium=link&utm_campaign=perfil_de_empresa&utm_content=franca","4.7","30","10","geral","não contatado","","Oi! Vi o Blue3 Investimentos aqui em Franca. Ajudo negócios locais a vender mais com automação de WhatsApp, Instagram e presença digital — posso te mandar um exemplo rápido do que consigo fazer pro seu ramo?"
"CotaFácil Franca","investimentos","Franca, SP","(16) 99306-0767","https://www.cotafacilfranca.com.br/","5","40","10","geral","não contatado","","Oi! Vi o CotaFácil Franca aqui em Franca. Ajudo negócios locais a vender mais com automação de WhatsApp, Instagram e presença digital — posso te mandar um exemplo rápido do que consigo fazer pro seu ramo?"
"Ferrari e Moura Consórcios","investimentos","Franca, SP","(16) 99283-5855","https://ferrariemouraconsorcios.com.br/","5","35","10","geral","não contatado","","Oi! Vi o Ferrari e Moura Consórcios aqui em Franca. Ajudo negócios locais a vender mais com automação de WhatsApp, Instagram e presença digital — posso te mandar um exemplo rápido do que consigo fazer pro seu ramo?"
"Studio Samara Bento - Alongamento de Unhas","salão de unhas","balneario camburiu , itajai , itapema","(47) 99236-2718","https://bio.site/samarabento","5","32","10","geral","não contatado","","Oi! Vi o Studio Samara Bento - Alongamento de Unhas aqui em Franca. Ajudo negócios locais a vender mais com automação de WhatsApp, Instagram e presença digital — posso te mandar um exemplo rápido do que consigo fazer pro seu ramo?"
"Barbearia - Visage Barber Club","barbearia","Franca, SP","(16) 99777-5965","https://visagebarberclub.com.br/","4.9","48","10","geral","não contatado","","Oi! Vi o Barbearia - Visage Barber Club aqui em Franca. Ajudo negócios locais a vender mais com automação de WhatsApp, Instagram e presença digital — posso te mandar um exemplo rápido do que consigo fazer pro seu ramo?"
"Barbearia Alves","barbearia","Franca, SP","(16) 98108-2633","https://keepo.io/Barbearia_Alves","4.9","31","10","geral","não contatado","","Oi! Vi o Barbearia Alves aqui em Franca. Ajudo negócios locais a vender mais com automação de WhatsApp, Instagram e presença digital — posso te mandar um exemplo rápido do que consigo fazer pro seu ramo?"
"FORJAX CT - ACADEMIA FRANCA","academia","Franca, SP","(16) 99232-7066","https://forjax.com.br/","4.9","36","10","geral","não contatado","","Oi! Vi o FORJAX CT - ACADEMIA FRANCA aqui em Franca. Ajudo negócios locais a vender mais com automação de WhatsApp, Instagram e presença digital — posso te mandar um exemplo rápido do que consigo fazer pro seu ramo?"
"Evoque Academia Franca","academia","Franca, SP","(11) 91113-5777","https://academiaevoque.com.br/franca/","3.6","46","10","geral","não contatado","","Oi! Vi o Evoque Academia Franca aqui em Franca. Ajudo negócios locais a vender mais com automação de WhatsApp, Instagram e presença digital — posso te mandar um exemplo rápido do que consigo fazer pro seu ramo?"
"Estética Avançada Dra. Mariana Veiga","estética facial","Franca, SP","(16) 99193-7955","https://www.marianaveigaestetica.com.br/","5","37","10","geral","não contatado","","Oi! Vi o Estética Avançada Dra. Mariana Veiga aqui em Franca. Ajudo negócios locais a vender mais com automação de WhatsApp, Instagram e presença digital — posso te mandar um exemplo rápido do que consigo fazer pro seu ramo?"
"Academia Smart Fit - Franca II","academia","Franca, SP","","https://www.smartfit.com.br/academias/franca-ii/?utm_source=google&utm_medium=maps&utm_campaign=mirum-SBRSPIFRC02","4.6","47","10","geral","não contatado","","Oi! Vi o Academia Smart Fit - Franca II aqui em Franca. Ajudo negócios locais a vender mais com automação de WhatsApp, Instagram e presença digital — posso te mandar um exemplo rápido do que consigo fazer pro seu ramo?"
"Dra. Aline Lopes | Harmonização Facial em Franca - SP","estética facial","Franca, SP","(16) 99128-5346","https://wa.me/5516991285346?text=Ol%C3%A1%2C%20vim%20pelo%20Google%20e%20quero%20saber%20mais!","4.4","21","10","geral","não contatado","","Oi! Vi o Dra. Aline Lopes | Harmonização Facial em Franca - SP aqui em Franca. Ajudo negócios locais a vender mais com automação de WhatsApp, Instagram e presença digital — posso te mandar um exemplo rápido do que consigo fazer pro seu ramo?"
"Mascotas Pet Estética Animal (Banho Especializado em Cães de Pele Sensível)","pet shop","Franca, SP","(16) 98174-8511","https://mascotaspetfranca.blogspot.com/","5","46","10","geral","não contatado","","Oi! Vi o Mascotas Pet Estética Animal (Banho Especializado em Cães de Pele Sensível) aqui em Franca. Ajudo negócios locais a vender mais com automação de WhatsApp, Instagram e presença digital — posso te mandar um exemplo rápido do que consigo fazer pro seu ramo?"
"Academia de Pedra","academia","Franca, SP","","https://www.hipertrofia.org/blog/","4.9","39","10","geral","não contatado","","Oi! Vi o Academia de Pedra aqui em Franca. Ajudo negócios locais a vender mais com automação de WhatsApp, Instagram e presença digital — posso te mandar um exemplo rápido do que consigo fazer pro seu ramo?"
"Studio Danessa Posteraro - Nails Designer","salão de unhas","Franca, SP","(16) 99160-7021","https://sites.google.com/view/studio-by-danessa-posteraro/in%C3%ADcio","5","34","10","geral","não contatado","","Oi! Vi o Studio Danessa Posteraro - Nails Designer aqui em Franca. Ajudo negócios locais a vender mais com automação de WhatsApp, Instagram e presença digital — posso te mandar um exemplo rápido do que consigo fazer pro seu ramo?"
"SIM, uma não academia.","academia","Franca, SP","(16) 99241-1065","https://simumanaoacademia.com.br/","5","42","10","geral","não contatado","","Oi! Vi o SIM, uma não academia. aqui em Franca. Ajudo negócios locais a vender mais com automação de WhatsApp, Instagram e presença digital — posso te mandar um exemplo rápido do que consigo fazer pro seu ramo?"
"Luxy - Salão de Beleza & Esmalteria","salão de unhas","itapema","","https://espacoluxy.com.br/agende","4.8","36","10","geral","não contatado","","Oi! Vi o Luxy - Salão de Beleza & Esmalteria aqui em Franca. Ajudo negócios locais a vender mais com automação de WhatsApp, Instagram e presença digital — posso te mandar um exemplo rápido do que consigo fazer pro seu ramo?"
"Elyseé Clínica | Medicina, Estética e Bem-Estar em Itapema","estética facial","itapema","(47) 99128-2212","https://elyseeclinica.com/","5","38","10","geral","não contatado","","Oi! Vi o Elyseé Clínica | Medicina, Estética e Bem-Estar em Itapema aqui em Franca. Ajudo negócios locais a vender mais com automação de WhatsApp, Instagram e presença digital — posso te mandar um exemplo rápido do que consigo fazer pro seu ramo?"
"Casa Pet Billy e Nick Filial Centro","pet shop","itapema","(47) 99724-6649","https://billynick.com.br/","4.6","44","10","geral","não contatado","","Oi! Vi o Casa Pet Billy e Nick Filial Centro aqui em Franca. Ajudo negócios locais a vender mais com automação de WhatsApp, Instagram e presença digital — posso te mandar um exemplo rápido do que consigo fazer pro seu ramo?"
"Cats & Dogs Petshop e Banho e Tosa","pet shop","itapema","(47) 3268-3113","https://wa.me/5547989266159","4.5","41","10","geral","não contatado","","Oi! Vi o Cats & Dogs Petshop e Banho e Tosa aqui em Franca. Ajudo negócios locais a vender mais com automação de WhatsApp, Instagram e presença digital — posso te mandar um exemplo rápido do que consigo fazer pro seu ramo?"
"Le Dog – Banho e Tosa, Creche & Hospedagem Pet Shop","pet shop","itapema","(47) 99687-0725","https://wa.me/message/CL72TTFWNUSJJ1","4.8","43","10","geral","não contatado","","Oi! Vi o Le Dog – Banho e Tosa, Creche & Hospedagem Pet Shop aqui em Franca. Ajudo negócios locais a vender mais com automação de WhatsApp, Instagram e presença digital — posso te mandar um exemplo rápido do que consigo fazer pro seu ramo?"
"HF Sports Burger","hamburgueria","itapema","(47) 99619-9038","https://hfhamburgueria.goomer.app/","4.8","2294","0","geral","não contatado","","Oi! Vi o HF Sports Burger aqui em Franca. Ajudo negócios locais a vender mais com automação de WhatsApp, Instagram e presença digital — posso te mandar um exemplo rápido do que consigo fazer pro seu ramo?"
"Seu Zé Choperia e Hamburgueria","hamburgueria","balneario camburiu , itajai , itapema","(47) 3170-0263","https://www.seuzechoperia.com.br/","4.9","3143","0","geral","não contatado","","Oi! Vi o Seu Zé Choperia e Hamburgueria aqui em Franca. Ajudo negócios locais a vender mais com automação de WhatsApp, Instagram e presença digital — posso te mandar um exemplo rápido do que consigo fazer pro seu ramo?"
"Alexandria Burger Balneário Camboriú","hamburgueria","balneario camburiu , itajai , itapema","(47) 99917-3415","https://link.vocepede.online/alexandria-bc","4.5","1564","0","geral","não contatado","","Oi! Vi o Alexandria Burger Balneário Camboriú aqui em Franca. Ajudo negócios locais a vender mais com automação de WhatsApp, Instagram e presença digital — posso te mandar um exemplo rápido do que consigo fazer pro seu ramo?"
"Unhas e Cia Franca","salão de unhas","Franca, SP","(16) 99373-3650","https://agendamento.avec.beauty/?slug=unhasecial#/app/widget/unhasecial","4.9","244","0","geral","não contatado","","Oi! Vi o Unhas e Cia Franca aqui em Franca. Ajudo negócios locais a vender mais com automação de WhatsApp, Instagram e presença digital — posso te mandar um exemplo rápido do que consigo fazer pro seu ramo?"
"Dhannyllo cabelo e barba","barbearia","Franca, SP","(16) 99174-9980","https://wa.me/message/DKZJ4FXAX3B6D1","5","585","0","geral","não contatado","","Oi! Vi o Dhannyllo cabelo e barba aqui em Franca. Ajudo negócios locais a vender mais com automação de WhatsApp, Instagram e presença digital — posso te mandar um exemplo rápido do que consigo fazer pro seu ramo?"
"Gran Roque Hamburgueria","hamburgueria","Franca, SP","(16) 99328-3759","https://granroque.com.br/links","4.9","909","0","geral","não contatado","","Oi! Vi o Gran Roque Hamburgueria aqui em Franca. Ajudo negócios locais a vender mais com automação de WhatsApp, Instagram e presença digital — posso te mandar um exemplo rápido do que consigo fazer pro seu ramo?"
"Heat BBQ | Hamburgueria Artesanal em Franca","hamburgueria","Franca, SP","(16) 99317-9045","https://heat-bbq-franca.goomer.app/menu","5","56","0","geral","não contatado","","Oi! Vi o Heat BBQ | Hamburgueria Artesanal em Franca aqui em Franca. Ajudo negócios locais a vender mais com automação de WhatsApp, Instagram e presença digital — posso te mandar um exemplo rápido do que consigo fazer pro seu ramo?"
"OquiOsque hamburgueria","hamburgueria","Franca, SP","","https://oquiosque.ola.click/","5","152","0","geral","não contatado","","Oi! Vi o OquiOsque hamburgueria aqui em Franca. Ajudo negócios locais a vender mais com automação de WhatsApp, Instagram e presença digital — posso te mandar um exemplo rápido do que consigo fazer pro seu ramo?"
"Pek's Burger – Hamburgueria em Franca","hamburgueria","Franca, SP","(16) 99197-4361","https://www.peksburger.com.br/","4.9","707","0","geral","não contatado","","Oi! Vi o Pek's Burger – Hamburgueria em Franca aqui em Franca. Ajudo negócios locais a vender mais com automação de WhatsApp, Instagram e presença digital — posso te mandar um exemplo rápido do que consigo fazer pro seu ramo?"
"Spartan Hamburgueria | Franca-SP","hamburgueria","Franca, SP","(16) 99156-5505","https://spartan.menudino.com/","4.8","58","0","geral","não contatado","","Oi! Vi o Spartan Hamburgueria | Franca-SP aqui em Franca. Ajudo negócios locais a vender mais com automação de WhatsApp, Instagram e presença digital — posso te mandar um exemplo rápido do que consigo fazer pro seu ramo?"
"Academia V6 Franca","academia","Franca, SP","(16) 99391-7475","https://academiav6.com.br/?gad_source=1&gbraid=0AAAAAq0eNhpVT1DQVdikwXnquPLSUtzux","4.9","1167","0","geral","não contatado","","Oi! Vi o Academia V6 Franca aqui em Franca. Ajudo negócios locais a vender mais com automação de WhatsApp, Instagram e presença digital — posso te mandar um exemplo rápido do que consigo fazer pro seu ramo?"
"Petz Franca","pet shop","Franca, SP","(16) 3602-8192","https://www.petz.com.br/loja/petz-franca","4.6","2423","0","geral","não contatado","","Oi! Vi o Petz Franca aqui em Franca. Ajudo negócios locais a vender mais com automação de WhatsApp, Instagram e presença digital — posso te mandar um exemplo rápido do que consigo fazer pro seu ramo?"
"Bestburguer Balneário Camboriú OFICIAL","hamburgueria","balneario camburiu , itajai , itapema","(47) 3308-4020","https://www.hbestburguer.com.br/","4.6","1477","0","geral","não contatado","","Oi! Vi o Bestburguer Balneário Camboriú OFICIAL aqui em Franca. Ajudo negócios locais a vender mais com automação de WhatsApp, Instagram e presença digital — posso te mandar um exemplo rápido do que consigo fazer pro seu ramo?"
"Ohio Burguer","hamburgueria","balneario camburiu , itajai , itapema","(47) 99741-2098","https://www.ohioburguer.com/","4.9","631","0","geral","não contatado","","Oi! Vi o Ohio Burguer aqui em Franca. Ajudo negócios locais a vender mais com automação de WhatsApp, Instagram e presença digital — posso te mandar um exemplo rápido do que consigo fazer pro seu ramo?"
"TK Estética Personalizada","estética facial","balneario camburiu , itajai , itapema","(47) 99201-2980","https://tkestetica.com.br/","5","74","0","geral","não contatado","","Oi! Vi o TK Estética Personalizada aqui em Franca. Ajudo negócios locais a vender mais com automação de WhatsApp, Instagram e presença digital — posso te mandar um exemplo rápido do que consigo fazer pro seu ramo?"
"In & Out Hamburgueria","hamburgueria","balneario camburiu , itajai , itapema","(47) 3514-8424","https://www.ifood.com.br/delivery/balneario-camboriu-sc/in--out---delivery-centro/16699d44-f003-425f-88e9-a2797fe6e659","4.2","1135","0","geral","não contatado","","Oi! Vi o In & Out Hamburgueria aqui em Franca. Ajudo negócios locais a vender mais com automação de WhatsApp, Instagram e presença digital — posso te mandar um exemplo rápido do que consigo fazer pro seu ramo?"
"El Campero Fogo - Churrascaria e Hambúrgueria","hamburgueria","balneario camburiu , itajai , itapema","(47) 99655-6697","https://elcamperofogo.com.br/fazer-pedido","4.7","155","0","geral","não contatado","","Oi! Vi o El Campero Fogo - Churrascaria e Hambúrgueria aqui em Franca. Ajudo negócios locais a vender mais com automação de WhatsApp, Instagram e presença digital — posso te mandar um exemplo rápido do que consigo fazer pro seu ramo?"
"La Brasa Burger Itapema","hamburgueria","itapema","(47) 99184-2444","https://menu.brendi.com.br/labrasaburgeritapema/","4.7","473","0","geral","não contatado","","Oi! Vi o La Brasa Burger Itapema aqui em Franca. Ajudo negócios locais a vender mais com automação de WhatsApp, Instagram e presença digital — posso te mandar um exemplo rápido do que consigo fazer pro seu ramo?"
"Dark Bull Burger","hamburgueria","itapema","(47) 99189-8395","https://darkbullburger.menudino.com/","4.6","154","0","geral","não contatado","","Oi! Vi o Dark Bull Burger aqui em Franca. Ajudo negócios locais a vender mais com automação de WhatsApp, Instagram e presença digital — posso te mandar um exemplo rápido do que consigo fazer pro seu ramo?"
"Engenharia do Corpo","academia","balneario camburiu , itajai , itapema","(48) 98818-0054","https://engenhariadocorpo.com.br/unidade/balneario-camboriu/","4.2","547","0","geral","não contatado","","Oi! Vi o Engenharia do Corpo aqui em Franca. Ajudo negócios locais a vender mais com automação de WhatsApp, Instagram e presença digital — posso te mandar um exemplo rápido do que consigo fazer pro seu ramo?"
"💪Academia UFit Balneário Camboriú - Centro","academia","balneario camburiu , itajai , itapema","(47) 99603-6760","https://ufitacademia.com.br/","4.6","212","0","geral","não contatado","","Oi! Vi o 💪Academia UFit Balneário Camboriú - Centro aqui em Franca. Ajudo negócios locais a vender mais com automação de WhatsApp, Instagram e presença digital — posso te mandar um exemplo rápido do que consigo fazer pro seu ramo?"
"Fit Place Academia","academia","Franca, SP","(16) 3406-3748","https://www.infranca.com.br/empresa/375/fit-place-academia-de-musculacao.html","4.9","86","0","geral","não contatado","","Oi! Vi o Fit Place Academia aqui em Franca. Ajudo negócios locais a vender mais com automação de WhatsApp, Instagram e presença digital — posso te mandar um exemplo rápido do que consigo fazer pro seu ramo?"
"Wave Barra Sul","academia","balneario camburiu , itajai , itapema","(47) 3361-8254","https://academiawave.com.br/academias/wave-barra-sul","4.5","382","0","geral","não contatado","","Oi! Vi o Wave Barra Sul aqui em Franca. Ajudo negócios locais a vender mais com automação de WhatsApp, Instagram e presença digital — posso te mandar um exemplo rápido do que consigo fazer pro seu ramo?"
"Wave Centro","academia","balneario camburiu , itajai , itapema","(47) 99206-4805","https://academiawave.com.br/academias/wave-centro","4.7","394","0","geral","não contatado","","Oi! Vi o Wave Centro aqui em Franca. Ajudo negócios locais a vender mais com automação de WhatsApp, Instagram e presença digital — posso te mandar um exemplo rápido do que consigo fazer pro seu ramo?"
"Academia Pratique Fitness - Centro de Balneário Camboriú","academia","balneario camburiu , itajai , itapema","(31) 4141-1962","https://pratiquefitness.com.br/unidade/balneario-camboriu","5","534","0","geral","não contatado","","Oi! Vi o Academia Pratique Fitness - Centro de Balneário Camboriú aqui em Franca. Ajudo negócios locais a vender mais com automação de WhatsApp, Instagram e presença digital — posso te mandar um exemplo rápido do que consigo fazer pro seu ramo?"
"Force One Academia - Balneário Camboriú","academia","balneario camburiu , itajai , itapema","(44) 99114-1921","https://forceoneacademia.com.br/unidades/balneario-camboriu-sc/","4.3","276","0","geral","não contatado","","Oi! Vi o Force One Academia - Balneário Camboriú aqui em Franca. Ajudo negócios locais a vender mais com automação de WhatsApp, Instagram e presença digital — posso te mandar um exemplo rápido do que consigo fazer pro seu ramo?"
"Ingrid Monteiro | Harmonização Facial","estética facial","Franca, SP","(16) 99220-1786","https://draingridmonteiro.com.br/harmonizacao-facial/","5","84","0","geral","não contatado","","Oi! Vi o Ingrid Monteiro | Harmonização Facial aqui em Franca. Ajudo negócios locais a vender mais com automação de WhatsApp, Instagram e presença digital — posso te mandar um exemplo rápido do que consigo fazer pro seu ramo?"
"IB Gym","academia","balneario camburiu , itajai , itapema","(47) 99195-7071","https://www.ibgym.com.br/","4.7","109","0","geral","não contatado","","Oi! Vi o IB Gym aqui em Franca. Ajudo negócios locais a vender mais com automação de WhatsApp, Instagram e presença digital — posso te mandar um exemplo rápido do que consigo fazer pro seu ramo?"
"AACosta","corretoras","Franca, SP","(16) 3713-6300","https://www.aacosta.com.br/","4","1102","0","geral","não contatado","","Oi! Vi o AACosta aqui em Franca. Ajudo negócios locais a vender mais com automação de WhatsApp, Instagram e presença digital — posso te mandar um exemplo rápido do que consigo fazer pro seu ramo?"
"Cobasi Franca","pet shop","Franca, SP","(11) 93350-5743","https://www.cobasi.com.br/","4.6","546","0","geral","não contatado","","Oi! Vi o Cobasi Franca aqui em Franca. Ajudo negócios locais a vender mais com automação de WhatsApp, Instagram e presença digital — posso te mandar um exemplo rápido do que consigo fazer pro seu ramo?"
"M Menezes Negócios Imobiliarios","corretoras","Franca, SP","(16) 99149-4797","https://menezesimobi.com.br/","4.9","53","0","geral","não contatado","","Oi! Vi o M Menezes Negócios Imobiliarios aqui em Franca. Ajudo negócios locais a vender mais com automação de WhatsApp, Instagram e presença digital — posso te mandar um exemplo rápido do que consigo fazer pro seu ramo?"
"Academia AD3 Itapema - Casa Branca","academia","itapema","(47) 98870-4588","https://www.academiaad3.com.br/","4.9","89","0","geral","não contatado","","Oi! Vi o Academia AD3 Itapema - Casa Branca aqui em Franca. Ajudo negócios locais a vender mais com automação de WhatsApp, Instagram e presença digital — posso te mandar um exemplo rápido do que consigo fazer pro seu ramo?"
"Cemporcentofixo Comunicação Visual","investimentos","Franca, SP","(16) 99355-8686","https://cemporcentofixo.com.br/","5","447","0","geral","não contatado","","Oi! Vi o Cemporcentofixo Comunicação Visual aqui em Franca. Ajudo negócios locais a vender mais com automação de WhatsApp, Instagram e presença digital — posso te mandar um exemplo rápido do que consigo fazer pro seu ramo?"
"Pereira e Malta Consórcios","investimentos","Franca, SP","(16) 99195-6905","https://pemconsorcios.com.br/","4.9","77","0","geral","não contatado","","Oi! Vi o Pereira e Malta Consórcios aqui em Franca. Ajudo negócios locais a vender mais com automação de WhatsApp, Instagram e presença digital — posso te mandar um exemplo rápido do que consigo fazer pro seu ramo?"
"Barbearia Barber Club","barbearia","Franca, SP","(16) 99167-6818","https://booksy.com/pt-br/instant-experiences/widget/291048,366576","5","416","0","geral","não contatado","","Oi! Vi o Barbearia Barber Club aqui em Franca. Ajudo negócios locais a vender mais com automação de WhatsApp, Instagram e presença digital — posso te mandar um exemplo rápido do que consigo fazer pro seu ramo?"
"Consórcio Magalu","investimentos","Franca, SP","0800 340 1214","https://www.consorciomagalu.com.br/","4.4","207","0","geral","não contatado","","Oi! Vi o Consórcio Magalu aqui em Franca. Ajudo negócios locais a vender mais com automação de WhatsApp, Instagram e presença digital — posso te mandar um exemplo rápido do que consigo fazer pro seu ramo?"
"Academia Wave Camboriú","academia","balneario camburiu , itajai , itapema","(47) 3311-9311","https://academiawave.com.br/academias/wave-camboriu","4.7","492","0","geral","não contatado","","Oi! Vi o Academia Wave Camboriú aqui em Franca. Ajudo negócios locais a vender mais com automação de WhatsApp, Instagram e presença digital — posso te mandar um exemplo rápido do que consigo fazer pro seu ramo?"
"Academia Master","academia","balneario camburiu , itajai , itapema","(47) 99656-9810","https://www.academiamasterbc.com.br/","4.6","293","0","geral","não contatado","","Oi! Vi o Academia Master aqui em Franca. Ajudo negócios locais a vender mais com automação de WhatsApp, Instagram e presença digital — posso te mandar um exemplo rápido do que consigo fazer pro seu ramo?"
"Julia Valdivia Beauty Nails - Nail designer | Balneário Camboriú - Unhas em gel | Manicure - Esmaltação em gel","salão de unhas","balneario camburiu , itajai , itapema","(47) 98855-4684","https://sites.google.com/view/julia-valdivia-beauty-nails/home","5","80","0","geral","não contatado","","Oi! Vi o Julia Valdivia Beauty Nails - Nail designer | Balneário Camboriú - Unhas em gel | Manicure - Esmaltação em gel aqui em Franca. Ajudo negócios locais a vender mais com automação de WhatsApp, Instagram e presença digital — posso te mandar um exemplo rápido do que consigo fazer pro seu ramo?"
"Jady - Manicure, Manutenção de unhas, Esmaltação em Gel, unhas de fibras, Cursos","salão de unhas","balneario camburiu , itajai , itapema","(47) 98809-3693","https://client.tuaagenda.com/c/StudioMeraki3","5","120","0","geral","não contatado","","Oi! Vi o Jady - Manicure, Manutenção de unhas, Esmaltação em Gel, unhas de fibras, Cursos aqui em Franca. Ajudo negócios locais a vender mais com automação de WhatsApp, Instagram e presença digital — posso te mandar um exemplo rápido do que consigo fazer pro seu ramo?"
"Impacto","academia","itapema","(47) 99224-5380","https://wa.me/message/PU4EDS7OQW2GA1","4.7","116","0","geral","não contatado","","Oi! Vi o Impacto aqui em Franca. Ajudo negócios locais a vender mais com automação de WhatsApp, Instagram e presença digital — posso te mandar um exemplo rápido do que consigo fazer pro seu ramo?"
"JH Beauty Studio","salão de unhas","itapema","","https://esmaltaria.servicosgold.com.br/","5","51","0","geral","não contatado","","Oi! Vi o JH Beauty Studio aqui em Franca. Ajudo negócios locais a vender mais com automação de WhatsApp, Instagram e presença digital — posso te mandar um exemplo rápido do que consigo fazer pro seu ramo?"
"Imbica Barbearia","barbearia","balneario camburiu , itajai , itapema","(47) 99229-1944","https://www.imbicabarbearia.com/","5","181","0","geral","não contatado","","Oi! Vi o Imbica Barbearia aqui em Franca. Ajudo negócios locais a vender mais com automação de WhatsApp, Instagram e presença digital — posso te mandar um exemplo rápido do que consigo fazer pro seu ramo?"
"MY PETS CLINICA VETERINARIA","pet shop","Franca, SP","(16) 99293-4748","https://www.infranca.com.br/empresa/520/my-pets-clinica-veterinaria.html","4.9","134","0","geral","não contatado","","Oi! Vi o MY PETS CLINICA VETERINARIA aqui em Franca. Ajudo negócios locais a vender mais com automação de WhatsApp, Instagram e presença digital — posso te mandar um exemplo rápido do que consigo fazer pro seu ramo?"
"La Mafia Social Club: Barbearia, Corte Masculino em Balneário Camboriú SC","barbearia","balneario camburiu , itajai , itapema","(47) 2122-6894","https://www.lamafiabarbeariabc.com.br/","4.9","372","0","geral","não contatado","","Oi! Vi o La Mafia Social Club: Barbearia, Corte Masculino em Balneário Camboriú SC aqui em Franca. Ajudo negócios locais a vender mais com automação de WhatsApp, Instagram e presença digital — posso te mandar um exemplo rápido do que consigo fazer pro seu ramo?"
"BARBEARIA BELOSTAR","barbearia","balneario camburiu , itajai , itapema","(47) 99118-6303","https://belostar-vip-experience.lovable.app/","5","654","0","geral","não contatado","","Oi! Vi o BARBEARIA BELOSTAR aqui em Franca. Ajudo negócios locais a vender mais com automação de WhatsApp, Instagram e presença digital — posso te mandar um exemplo rápido do que consigo fazer pro seu ramo?"
"Wolf Barbearia","barbearia","balneario camburiu , itajai , itapema","(47) 99623-3466","https://sites.appbarber.com.br/agendamento/wolfbarbearia-ra5w","4.9","493","0","geral","não contatado","","Oi! Vi o Wolf Barbearia aqui em Franca. Ajudo negócios locais a vender mais com automação de WhatsApp, Instagram e presença digital — posso te mandar um exemplo rápido do que consigo fazer pro seu ramo?"
"Pet Shop em Itapema - PetSmart","pet shop","itapema","(47) 98845-1111","https://petsmartitapema.com.br/","5","51","0","geral","não contatado","","Oi! Vi o Pet Shop em Itapema - PetSmart aqui em Franca. Ajudo negócios locais a vender mais com automação de WhatsApp, Instagram e presença digital — posso te mandar um exemplo rápido do que consigo fazer pro seu ramo?"
"Barbearia dos guri","barbearia","balneario camburiu , itajai , itapema","(47) 99266-4914","https://sites.appbarber.com.br/barbeariadosgur-mky3","5","745","0","geral","não contatado","","Oi! Vi o Barbearia dos guri aqui em Franca. Ajudo negócios locais a vender mais com automação de WhatsApp, Instagram e presença digital — posso te mandar um exemplo rápido do que consigo fazer pro seu ramo?"
"CÔRTE Barbearia e Visagismo para Homens - A melhor Barbearia de Balneário Camboriú","barbearia","balneario camburiu , itajai , itapema","(47) 3081-6060","https://www.cortevisagismo.com.br/?utm_source=google&utm_medium=org&utm_campaign=gmb_bc","5","645","0","geral","não contatado","","Oi! Vi o CÔRTE Barbearia e Visagismo para Homens - A melhor Barbearia de Balneário Camboriú aqui em Franca. Ajudo negócios locais a vender mais com automação de WhatsApp, Instagram e presença digital — posso te mandar um exemplo rápido do que consigo fazer pro seu ramo?"
"Dom7 Barbearia | Visagismo para homens","barbearia","balneario camburiu , itajai , itapema","(47) 99122-7895","https://www.vsite.com.br/barbearia-dom7","5","67","0","geral","não contatado","","Oi! Vi o Dom7 Barbearia | Visagismo para homens aqui em Franca. Ajudo negócios locais a vender mais com automação de WhatsApp, Instagram e presença digital — posso te mandar um exemplo rápido do que consigo fazer pro seu ramo?"
"Distrito H Prótese Capilar e Barbearia","barbearia","balneario camburiu , itajai , itapema","(47) 99735-1601","https://distritoh.com.br/bem-vindo","4.8","286","0","geral","não contatado","","Oi! Vi o Distrito H Prótese Capilar e Barbearia aqui em Franca. Ajudo negócios locais a vender mais com automação de WhatsApp, Instagram e presença digital — posso te mandar um exemplo rápido do que consigo fazer pro seu ramo?"
"Barbearia Barba e Cia","barbearia","Franca, SP","(16) 99125-4656","https://www.barbaeciafranca.com.br/","5","523","0","geral","não contatado","","Oi! Vi o Barbearia Barba e Cia aqui em Franca. Ajudo negócios locais a vender mais com automação de WhatsApp, Instagram e presença digital — posso te mandar um exemplo rápido do que consigo fazer pro seu ramo?"
"Madrid Barber Shop","barbearia","balneario camburiu , itajai , itapema","(47) 99975-4234","https://madridbarbershopbc.com.br/","5","104","0","geral","não contatado","","Oi! Vi o Madrid Barber Shop aqui em Franca. Ajudo negócios locais a vender mais com automação de WhatsApp, Instagram e presença digital — posso te mandar um exemplo rápido do que consigo fazer pro seu ramo?"
"Barbearia Bender Balneário Camboriú Rua 1500","barbearia","balneario camburiu , itajai , itapema","(47) 99282-0451","https://beacons.ai/barbeariabender","5","251","0","geral","não contatado","","Oi! Vi o Barbearia Bender Balneário Camboriú Rua 1500 aqui em Franca. Ajudo negócios locais a vender mais com automação de WhatsApp, Instagram e presença digital — posso te mandar um exemplo rápido do que consigo fazer pro seu ramo?"
"Golden Barber Shop","barbearia","balneario camburiu , itajai , itapema","(47) 99758-5144","https://barbeariagolden.com.br/","4.7","120","0","geral","não contatado","","Oi! Vi o Golden Barber Shop aqui em Franca. Ajudo negócios locais a vender mais com automação de WhatsApp, Instagram e presença digital — posso te mandar um exemplo rápido do que consigo fazer pro seu ramo?"
"Liness Beauty & Nails - Unhas de Fibra","salão de unhas","Franca, SP","(16) 99252-6532","https://www.alinenails.com.br/","4.9","138","0","geral","não contatado","","Oi! Vi o Liness Beauty & Nails - Unhas de Fibra aqui em Franca. Ajudo negócios locais a vender mais com automação de WhatsApp, Instagram e presença digital — posso te mandar um exemplo rápido do que consigo fazer pro seu ramo?"
"Selma Garcia Manicure","salão de unhas","Franca, SP","(16) 99334-8672","https://wa.me/message/PLNSJAJ27FCCJ1","5","50","0","geral","não contatado","","Oi! Vi o Selma Garcia Manicure aqui em Franca. Ajudo negócios locais a vender mais com automação de WhatsApp, Instagram e presença digital — posso te mandar um exemplo rápido do que consigo fazer pro seu ramo?"
"House Barbearia","barbearia","Franca, SP","(16) 99385-0531","https://sites.appbarber.com.br/housebarbearia-gqci","4.9","527","0","geral","não contatado","","Oi! Vi o House Barbearia aqui em Franca. Ajudo negócios locais a vender mais com automação de WhatsApp, Instagram e presença digital — posso te mandar um exemplo rápido do que consigo fazer pro seu ramo?"
"Barbearia D' Santos ( Av Chico Júlio)","barbearia","Franca, SP","(16) 99238-7349","https://www.barbeariadsantos.com.br/","4.9","499","0","geral","não contatado","","Oi! Vi o Barbearia D' Santos ( Av Chico Júlio) aqui em Franca. Ajudo negócios locais a vender mais com automação de WhatsApp, Instagram e presença digital — posso te mandar um exemplo rápido do que consigo fazer pro seu ramo?"
"Barbearia VM","barbearia","Franca, SP","(16) 3722-6714","https://cashbarber.com.br/vmbarbearia","4.9","176","0","geral","não contatado","","Oi! Vi o Barbearia VM aqui em Franca. Ajudo negócios locais a vender mais com automação de WhatsApp, Instagram e presença digital — posso te mandar um exemplo rápido do que consigo fazer pro seu ramo?"
"Barbearia Vilas Boas","barbearia","Franca, SP","(16) 99134-1248","https://cashbarber.com.br/barbeariavilasboas","4.8","228","0","geral","não contatado","","Oi! Vi o Barbearia Vilas Boas aqui em Franca. Ajudo negócios locais a vender mais com automação de WhatsApp, Instagram e presença digital — posso te mandar um exemplo rápido do que consigo fazer pro seu ramo?"
"Spider Burguer","hamburgueria","Franca, SP","(16) 99312-3337","https://spiderburguer.app/","4.9","101","0","geral","não contatado","","Oi! Vi o Spider Burguer aqui em Franca. Ajudo negócios locais a vender mais com automação de WhatsApp, Instagram e presença digital — posso te mandar um exemplo rápido do que consigo fazer pro seu ramo?"
"Capitão Prime Hamburgueria Franca","hamburgueria","Franca, SP","(16) 99131-0994","https://mnicacio.capitaoprime.com.br/","4.8","447","0","geral","não contatado","","Oi! Vi o Capitão Prime Hamburgueria Franca aqui em Franca. Ajudo negócios locais a vender mais com automação de WhatsApp, Instagram e presença digital — posso te mandar um exemplo rápido do que consigo fazer pro seu ramo?"
"Hugg's Burger Brasil","hamburgueria","Franca, SP","","https://delivery.huggsburgerbrasil.com.br/","3.9","1390","0","geral","não contatado","","Oi! Vi o Hugg's Burger Brasil aqui em Franca. Ajudo negócios locais a vender mais com automação de WhatsApp, Instagram e presença digital — posso te mandar um exemplo rápido do que consigo fazer pro seu ramo?"
"Senhor Burguer | Hamburgueria Franca","hamburgueria","Franca, SP","(16) 3406-6606","https://senhorburguer.saipos.com/","4.5","1417","0","geral","não contatado","","Oi! Vi o Senhor Burguer | Hamburgueria Franca aqui em Franca. Ajudo negócios locais a vender mais com automação de WhatsApp, Instagram e presença digital — posso te mandar um exemplo rápido do que consigo fazer pro seu ramo?"
"Brooks Hamburgueria","hamburgueria","Franca, SP","(16) 98124-8888","https://www.brookshamburgueria.com/","4.6","1428","0","geral","não contatado","","Oi! Vi o Brooks Hamburgueria aqui em Franca. Ajudo negócios locais a vender mais com automação de WhatsApp, Instagram e presença digital — posso te mandar um exemplo rápido do que consigo fazer pro seu ramo?"
"Casa Burger","hamburgueria","Franca, SP","(16) 99246-0153","https://casaburger.ola.click/","4.7","626","0","geral","não contatado","","Oi! Vi o Casa Burger aqui em Franca. Ajudo negócios locais a vender mais com automação de WhatsApp, Instagram e presença digital — posso te mandar um exemplo rápido do que consigo fazer pro seu ramo?"
"Burger House - Jd. Paulistano","hamburgueria","Franca, SP","(16) 99238-1266","https://burgerhouse.app/","4.6","58","0","geral","não contatado","","Oi! Vi o Burger House - Jd. Paulistano aqui em Franca. Ajudo negócios locais a vender mais com automação de WhatsApp, Instagram e presença digital — posso te mandar um exemplo rápido do que consigo fazer pro seu ramo?"
"Barba Lanches 01 - Lanchonete em Franca","hamburgueria","Franca, SP","(16) 3722-4371","https://barbalanches.simsoft.app/loja1/pedidos","4.5","672","0","geral","não contatado","","Oi! Vi o Barba Lanches 01 - Lanchonete em Franca aqui em Franca. Ajudo negócios locais a vender mais com automação de WhatsApp, Instagram e presença digital — posso te mandar um exemplo rápido do que consigo fazer pro seu ramo?"
"Confraria Burguer Hamburgueria","hamburgueria","Franca, SP","(16) 3403-8555","https://www.confrariaburguer.com.br/","4.1","820","0","geral","não contatado","","Oi! Vi o Confraria Burguer Hamburgueria aqui em Franca. Ajudo negócios locais a vender mais com automação de WhatsApp, Instagram e presença digital — posso te mandar um exemplo rápido do que consigo fazer pro seu ramo?"
"Panobianco Academia - Unidade Presidente Vargas (Franca)","academia","Franca, SP","(16) 97602-6209","https://www.panobiancoacademia.com.br/presidente-vargas/","4.6","54","0","geral","não contatado","","Oi! Vi o Panobianco Academia - Unidade Presidente Vargas (Franca) aqui em Franca. Ajudo negócios locais a vender mais com automação de WhatsApp, Instagram e presença digital — posso te mandar um exemplo rápido do que consigo fazer pro seu ramo?"
"SkyFit Vila Aparecida Franca","academia","Franca, SP","(16) 99141-5845","https://skyfitacademia.com/unidade/vila-aparecida-sp/","4.9","323","0","geral","não contatado","","Oi! Vi o SkyFit Vila Aparecida Franca aqui em Franca. Ajudo negócios locais a vender mais com automação de WhatsApp, Instagram e presença digital — posso te mandar um exemplo rápido do que consigo fazer pro seu ramo?"
"Panobianco Academia - Unidade Estação (Franca)","academia","Franca, SP","(16) 98215-3521","https://tourmkr.com/F1YAQA65dt/45576428p&24.89h&90t","4.6","185","0","geral","não contatado","","Oi! Vi o Panobianco Academia - Unidade Estação (Franca) aqui em Franca. Ajudo negócios locais a vender mais com automação de WhatsApp, Instagram e presença digital — posso te mandar um exemplo rápido do que consigo fazer pro seu ramo?"
"Phoenix Academia","academia","Franca, SP","(16) 98244-0113","https://phoenixacademia.com.br/","4.8","185","0","geral","não contatado","","Oi! Vi o Phoenix Academia aqui em Franca. Ajudo negócios locais a vender mais com automação de WhatsApp, Instagram e presença digital — posso te mandar um exemplo rápido do que consigo fazer pro seu ramo?"
"Royal Face Clínica de Estética - Franca","estética facial","Franca, SP","(16) 98123-1214","https://royalface.com.br/unidade/clinica-de-estetica-em-franca-sp/","4.7","74","0","geral","não contatado","","Oi! Vi o Royal Face Clínica de Estética - Franca aqui em Franca. Ajudo negócios locais a vender mais com automação de WhatsApp, Instagram e presença digital — posso te mandar um exemplo rápido do que consigo fazer pro seu ramo?"
"Clínica Revitalle - Harmonização facial e tratamentos estéticos.","estética facial","Franca, SP","","https://revitallefranca.com.br/","4.8","99","0","geral","não contatado","","Oi! Vi o Clínica Revitalle - Harmonização facial e tratamentos estéticos. aqui em Franca. Ajudo negócios locais a vender mais com automação de WhatsApp, Instagram e presença digital — posso te mandar um exemplo rápido do que consigo fazer pro seu ramo?"
"Melhor Amigo Hospital Veterinário 24h & Pet Shop","pet shop","Franca, SP","(16) 3026-8283","https://www.vetmelhoramigo.online/","4.7","123","0","geral","não contatado","","Oi! Vi o Melhor Amigo Hospital Veterinário 24h & Pet Shop aqui em Franca. Ajudo negócios locais a vender mais com automação de WhatsApp, Instagram e presença digital — posso te mandar um exemplo rápido do que consigo fazer pro seu ramo?"
"Clínica Veterinária Irmão Sol Franca","pet shop","Franca, SP","(16) 99663-2515","https://irmaosolfranca.com.br/","4.9","100","0","geral","não contatado","","Oi! Vi o Clínica Veterinária Irmão Sol Franca aqui em Franca. Ajudo negócios locais a vender mais com automação de WhatsApp, Instagram e presença digital — posso te mandar um exemplo rápido do que consigo fazer pro seu ramo?"
"Marcela Calmona Estética Avançada","estética facial","Franca, SP","(16) 99238-9075","https://bio.site/marcelacalmona","5","96","0","geral","não contatado","","Oi! Vi o Marcela Calmona Estética Avançada aqui em Franca. Ajudo negócios locais a vender mais com automação de WhatsApp, Instagram e presença digital — posso te mandar um exemplo rápido do que consigo fazer pro seu ramo?"
"Savin Centro Veterinário - Franca","pet shop","Franca, SP","(16) 99123-2515","https://savin.com.br/","5","74","0","geral","não contatado","","Oi! Vi o Savin Centro Veterinário - Franca aqui em Franca. Ajudo negócios locais a vender mais com automação de WhatsApp, Instagram e presença digital — posso te mandar um exemplo rápido do que consigo fazer pro seu ramo?"
"Pet Sete","pet shop","Franca, SP","(16) 99464-9258","https://bio.site/petsete","5","58","0","geral","não contatado","","Oi! Vi o Pet Sete aqui em Franca. Ajudo negócios locais a vender mais com automação de WhatsApp, Instagram e presença digital — posso te mandar um exemplo rápido do que consigo fazer pro seu ramo?"
"Terra do Pet - Centro","pet shop","Franca, SP","(16) 3724-1300","https://terradopet.com.br/","4.6","123","0","geral","não contatado","","Oi! Vi o Terra do Pet - Centro aqui em Franca. Ajudo negócios locais a vender mais com automação de WhatsApp, Instagram e presença digital — posso te mandar um exemplo rápido do que consigo fazer pro seu ramo?"
"Travessia Pet Shop","pet shop","Franca, SP","(16) 3724-3010","https://travessiapetshop.com.br/","4.6","141","0","geral","não contatado","","Oi! Vi o Travessia Pet Shop aqui em Franca. Ajudo negócios locais a vender mais com automação de WhatsApp, Instagram e presença digital — posso te mandar um exemplo rápido do que consigo fazer pro seu ramo?"
"Selfit Academias Franca","academia","Franca, SP","","https://www.selfitacademias.com.br/","4.1","67","0","geral","não contatado","","Oi! Vi o Selfit Academias Franca aqui em Franca. Ajudo negócios locais a vender mais com automação de WhatsApp, Instagram e presença digital — posso te mandar um exemplo rápido do que consigo fazer pro seu ramo?"
"Fernandes Barbearia","barbearia","Franca, SP","(16) 99263-5204","https://sites.appbarber.com.br/fernandesmenss-bxpr","5","124","0","geral","não contatado","","Oi! Vi o Fernandes Barbearia aqui em Franca. Ajudo negócios locais a vender mais com automação de WhatsApp, Instagram e presença digital — posso te mandar um exemplo rápido do que consigo fazer pro seu ramo?"
"Barbearia T.Jota","barbearia","Franca, SP","(16) 99174-2133","https://barbeariatjota.booksy.com/","5","85","0","geral","não contatado","","Oi! Vi o Barbearia T.Jota aqui em Franca. Ajudo negócios locais a vender mais com automação de WhatsApp, Instagram e presença digital — posso te mandar um exemplo rápido do que consigo fazer pro seu ramo?"
"Capitão Prime Hamburgueria - Jardim Tropical - Franca","hamburgueria","Franca, SP","(16) 99290-9697","https://tropical.capitaoprime.com.br/","4.8","687","0","geral","não contatado","","Oi! Vi o Capitão Prime Hamburgueria - Jardim Tropical - Franca aqui em Franca. Ajudo negócios locais a vender mais com automação de WhatsApp, Instagram e presença digital — posso te mandar um exemplo rápido do que consigo fazer pro seu ramo?"
"Belezeira - Tudo p/ Unhas, Cílios e Sobrancelhas.","salão de unhas","Franca, SP","(16) 99756-9191","https://belezeira.com.br/","4.5","111","0","geral","contatado","","Oi! Vi o Belezeira - Tudo p/ Unhas, Cílios e Sobrancelhas. aqui em Franca. Ajudo negócios locais a vender mais com automação de WhatsApp, Instagram e presença digital — posso te mandar um exemplo rápido do que consigo fazer pro seu ramo?"
"RZR Barber Shop","barbearia","Franca, SP","(16) 99456-2812","https://sites.google.com/view/rzrbarbershop","5","177","0","geral","não contatado","","Oi! Vi o RZR Barber Shop aqui em Franca. Ajudo negócios locais a vender mais com automação de WhatsApp, Instagram e presença digital — posso te mandar um exemplo rápido do que consigo fazer pro seu ramo?"
"Academia Smart Fit - Franca","academia","Franca, SP","","https://www.smartfit.com.br/academias/franca/?utm_source=google&utm_medium=maps&utm_campaign=fbiz-SBRSPIFRC01","4.5","1030","0","geral","não contatado","","Oi! Vi o Academia Smart Fit - Franca aqui em Franca. Ajudo negócios locais a vender mais com automação de WhatsApp, Instagram e presença digital — posso te mandar um exemplo rápido do que consigo fazer pro seu ramo?"
"Pangeia Steak'n'Burger","hamburgueria","Franca, SP","(16) 3402-7916","https://pangeiaburger.saipos.com/home","4.5","598","0","geral","não contatado","","Oi! Vi o Pangeia Steak'n'Burger aqui em Franca. Ajudo negócios locais a vender mais com automação de WhatsApp, Instagram e presença digital — posso te mandar um exemplo rápido do que consigo fazer pro seu ramo?"
"Agrominas Pet Shop - Banho e Tosa","pet shop","Franca, SP","(16) 99729-2867","https://agrominasfranca.com.br/","5","170","0","geral","não contatado","","Oi! Vi o Agrominas Pet Shop - Banho e Tosa aqui em Franca. Ajudo negócios locais a vender mais com automação de WhatsApp, Instagram e presença digital — posso te mandar um exemplo rápido do que consigo fazer pro seu ramo?"
"Barbearia The Barber Junior | Barbearia em Franca","barbearia","Franca, SP","(16) 99247-1550","https://chat.inbarberapp.com/ClickParaagendar","5","213","0","geral","não contatado","","Oi! Vi o Barbearia The Barber Junior | Barbearia em Franca aqui em Franca. Ajudo negócios locais a vender mais com automação de WhatsApp, Instagram e presença digital — posso te mandar um exemplo rápido do que consigo fazer pro seu ramo?"
"Barbearia Moustache","barbearia","Franca, SP","(16) 99368-2801","https://sites.appbarber.com.br/agendamento/moustachebarber-b196","5","99","0","geral","não contatado","","Oi! Vi o Barbearia Moustache aqui em Franca. Ajudo negócios locais a vender mais com automação de WhatsApp, Instagram e presença digital — posso te mandar um exemplo rápido do que consigo fazer pro seu ramo?"
"Glamorise Estetica","estética facial","Franca, SP","","https://clini.site/glamorise?fbclid=PAb21jcANXt21leHRuA2FlbQIxMQABp9VEzgMG33KIBDC5ySPXl0zE8BPlSRaBFkRSi2rimsbd5wgGXHmZIQPa7Kc4_aem_kDrKcQrKFH2UKXR1Q3v2PA","5","63","0","geral","não contatado","","Oi! Vi o Glamorise Estetica aqui em Franca. Ajudo negócios locais a vender mais com automação de WhatsApp, Instagram e presença digital — posso te mandar um exemplo rápido do que consigo fazer pro seu ramo?"
"Pró Cão Pet Shop","pet shop","Franca, SP","(16) 99973-5947","https://lista.mercadolivre.com.br/_CustId_162799717?item_id=MLB3549812488&category_id=MLB420009&seller_id=162799717&client=recoview-selleritems&recos_listing=true","4.7","157","0","geral","não contatado","","Oi! Vi o Pró Cão Pet Shop aqui em Franca. Ajudo negócios locais a vender mais com automação de WhatsApp, Instagram e presença digital — posso te mandar um exemplo rápido do que consigo fazer pro seu ramo?"
"Barbearia Conceito BC","barbearia","balneario camburiu , itajai , itapema","(47) 99148-2071","https://sites.appbarber.com.br/links/ConceitoBarbearia","5","123","0","geral","não contatado","","Oi! Vi o Barbearia Conceito BC aqui em Franca. Ajudo negócios locais a vender mais com automação de WhatsApp, Instagram e presença digital — posso te mandar um exemplo rápido do que consigo fazer pro seu ramo?"
"Starv | Hamburgueria Artesanal Balneário Camburiú","hamburgueria","balneario camburiu , itajai , itapema","(47) 3514-9900","https://app.cardapioweb.com/starv","4.7","1722","0","geral","não contatado","","Oi! Vi o Starv | Hamburgueria Artesanal Balneário Camburiú aqui em Franca. Ajudo negócios locais a vender mais com automação de WhatsApp, Instagram e presença digital — posso te mandar um exemplo rápido do que consigo fazer pro seu ramo?"
"Innovare Face Clínica de Estética","estética facial","balneario camburiu , itajai , itapema","(47) 99171-1799","https://www.innovareface.com.br/","5","63","0","geral","não contatado","","Oi! Vi o Innovare Face Clínica de Estética aqui em Franca. Ajudo negócios locais a vender mais com automação de WhatsApp, Instagram e presença digital — posso te mandar um exemplo rápido do que consigo fazer pro seu ramo?"
"Clínica Dra Adriana Vinhal - Instituto Acadêmico Vinhal","estética facial","balneario camburiu , itajai , itapema","(47) 97400-9399","https://wa.me/5547974009399?text=Ol%C3%A1%2C%20vim%20pelo%20Google!","5","105","0","geral","não contatado","","Oi! Vi o Clínica Dra Adriana Vinhal - Instituto Acadêmico Vinhal aqui em Franca. Ajudo negócios locais a vender mais com automação de WhatsApp, Instagram e presença digital — posso te mandar um exemplo rápido do que consigo fazer pro seu ramo?"
"Nova Forma Estética Integrativa","estética facial","balneario camburiu , itajai , itapema","(47) 99605-0338","https://esteticanovaforma.com.br/","5","101","0","geral","não contatado","","Oi! Vi o Nova Forma Estética Integrativa aqui em Franca. Ajudo negócios locais a vender mais com automação de WhatsApp, Instagram e presença digital — posso te mandar um exemplo rápido do que consigo fazer pro seu ramo?"
"Artface Harmonização Facial","estética facial","balneario camburiu , itajai , itapema","(47) 98829-2053","https://www.clinicaartface.com.br/?utm_source=google&utm_medium=organic&utm_campaign=gmb","4.9","151","0","geral","não contatado","","Oi! Vi o Artface Harmonização Facial aqui em Franca. Ajudo negócios locais a vender mais com automação de WhatsApp, Instagram e presença digital — posso te mandar um exemplo rápido do que consigo fazer pro seu ramo?"
"Victória Zucki Estética Avançada","estética facial","balneario camburiu , itajai , itapema","(47) 99946-4430","https://dd360.app/clinicavictoriazucki","5","154","0","geral","não contatado","","Oi! Vi o Victória Zucki Estética Avançada aqui em Franca. Ajudo negócios locais a vender mais com automação de WhatsApp, Instagram e presença digital — posso te mandar um exemplo rápido do que consigo fazer pro seu ramo?"
"Clinica D'Zorzi Estética & Saúde","estética facial","balneario camburiu , itajai , itapema","(47) 99709-2987","https://www.clinicadzorzi.com.br/","5","218","0","geral","não contatado","","Oi! Vi o Clinica D'Zorzi Estética & Saúde aqui em Franca. Ajudo negócios locais a vender mais com automação de WhatsApp, Instagram e presença digital — posso te mandar um exemplo rápido do que consigo fazer pro seu ramo?"
"La Beauté Clínica de Estética","estética facial","balneario camburiu , itajai , itapema","","https://www.labeaute.com.br/","4.8","60","0","geral","não contatado","","Oi! Vi o La Beauté Clínica de Estética aqui em Franca. Ajudo negócios locais a vender mais com automação de WhatsApp, Instagram e presença digital — posso te mandar um exemplo rápido do que consigo fazer pro seu ramo?"
"Clínica GIO Estética Avançada Balneário Camboriú","estética facial","balneario camburiu , itajai , itapema","","https://gioesteticalitoral.com.br/","4.7","253","0","geral","não contatado","","Oi! Vi o Clínica GIO Estética Avançada Balneário Camboriú aqui em Franca. Ajudo negócios locais a vender mais com automação de WhatsApp, Instagram e presença digital — posso te mandar um exemplo rápido do que consigo fazer pro seu ramo?"
"Essenciale Estética","estética facial","balneario camburiu , itajai , itapema","(47) 99785-3781","https://www.essencialeestetica.com.br/","4.9","75","0","geral","não contatado","","Oi! Vi o Essenciale Estética aqui em Franca. Ajudo negócios locais a vender mais com automação de WhatsApp, Instagram e presença digital — posso te mandar um exemplo rápido do que consigo fazer pro seu ramo?"
"Armoni Concept - consultório Dra. Jucielle Quintana - Referência em Harmonização Masculina","estética facial","balneario camburiu , itajai , itapema","(47) 99131-2658","https://juciellequintana.com/","5","88","0","geral","não contatado","","Oi! Vi o Armoni Concept - consultório Dra. Jucielle Quintana - Referência em Harmonização Masculina aqui em Franca. Ajudo negócios locais a vender mais com automação de WhatsApp, Instagram e presença digital — posso te mandar um exemplo rápido do que consigo fazer pro seu ramo?"
"Rauliani Pauli Clínica de Estética","estética facial","balneario camburiu , itajai , itapema","(47) 99977-6201","https://www.raulianipauli.com.br/","5","86","0","geral","não contatado","","Oi! Vi o Rauliani Pauli Clínica de Estética aqui em Franca. Ajudo negócios locais a vender mais com automação de WhatsApp, Instagram e presença digital — posso te mandar um exemplo rápido do que consigo fazer pro seu ramo?"
"Clínica de Estética Believe Camboriú","estética facial","balneario camburiu , itajai , itapema","","https://api.whatsapp.com/send/?phone=5547999231147","5","144","0","geral","não contatado","","Oi! Vi o Clínica de Estética Believe Camboriú aqui em Franca. Ajudo negócios locais a vender mais com automação de WhatsApp, Instagram e presença digital — posso te mandar um exemplo rápido do que consigo fazer pro seu ramo?"
"Petz Balneário Camboriú","pet shop","balneario camburiu , itajai , itapema","(47) 3311-7758","https://www.petz.com.br/loja/petz-balneario-camboriu","4.5","3647","0","geral","não contatado","","Oi! Vi o Petz Balneário Camboriú aqui em Franca. Ajudo negócios locais a vender mais com automação de WhatsApp, Instagram e presença digital — posso te mandar um exemplo rápido do que consigo fazer pro seu ramo?"
"A Casa do Pet - Clínica Veterinária e Pet Shop","pet shop","balneario camburiu , itajai , itapema","(47) 99104-2255","https://acasadopet.com.br/","4.7","257","0","geral","não contatado","","Oi! Vi o A Casa do Pet - Clínica Veterinária e Pet Shop aqui em Franca. Ajudo negócios locais a vender mais com automação de WhatsApp, Instagram e presença digital — posso te mandar um exemplo rápido do que consigo fazer pro seu ramo?"
"Ramos Pet Shop - Banho e Tosa em Balneário Camboriú","pet shop","balneario camburiu , itajai , itapema","(47) 3363-7086","https://whatssite.my.canva.site/ramospet","4.5","230","0","geral","não contatado","","Oi! Vi o Ramos Pet Shop - Banho e Tosa em Balneário Camboriú aqui em Franca. Ajudo negócios locais a vender mais com automação de WhatsApp, Instagram e presença digital — posso te mandar um exemplo rápido do que consigo fazer pro seu ramo?"
"Pet Shop Campos","pet shop","balneario camburiu , itajai , itapema","(47) 98403-8084","https://loja.petshopcampos.com.br/","4.5","335","0","geral","não contatado","","Oi! Vi o Pet Shop Campos aqui em Franca. Ajudo negócios locais a vender mais com automação de WhatsApp, Instagram e presença digital — posso te mandar um exemplo rápido do que consigo fazer pro seu ramo?"
"Central Pet Shop","pet shop","balneario camburiu , itajai , itapema","(47) 3367-6530","https://www.centralpetshop.com.br/","4.7","178","0","geral","não contatado","","Oi! Vi o Central Pet Shop aqui em Franca. Ajudo negócios locais a vender mais com automação de WhatsApp, Instagram e presença digital — posso te mandar um exemplo rápido do que consigo fazer pro seu ramo?"
"Puppy Pet Boutique","pet shop","balneario camburiu , itajai , itapema","(47) 99682-0323","https://puppypetboutique.com.br/","5","85","0","geral","não contatado","","Oi! Vi o Puppy Pet Boutique aqui em Franca. Ajudo negócios locais a vender mais com automação de WhatsApp, Instagram e presença digital — posso te mandar um exemplo rápido do que consigo fazer pro seu ramo?"
"Barbearia Premium | Itapema","barbearia","itapema","(47) 98834-9633","https://sites.appbarber.com.br/agendamento/premiumbarbershop-kz73","5","242","0","geral","não contatado","","Oi! Vi o Barbearia Premium | Itapema aqui em Franca. Ajudo negócios locais a vender mais com automação de WhatsApp, Instagram e presença digital — posso te mandar um exemplo rápido do que consigo fazer pro seu ramo?"
"Gold Mustache Barbearia","barbearia","itapema","(47) 98904-6178","https://www.goldmustachebarbearia.com.br/","5","126","0","geral","não contatado","","Oi! Vi o Gold Mustache Barbearia aqui em Franca. Ajudo negócios locais a vender mais com automação de WhatsApp, Instagram e presença digital — posso te mandar um exemplo rápido do que consigo fazer pro seu ramo?"
"Dom Produzi","barbearia","itapema","(47) 98802-5691","https://www.domproduzi.com.br/","5","1631","0","geral","não contatado","","Oi! Vi o Dom Produzi aqui em Franca. Ajudo negócios locais a vender mais com automação de WhatsApp, Instagram e presença digital — posso te mandar um exemplo rápido do que consigo fazer pro seu ramo?"
"Barbearia Falconnes","barbearia","itapema","(47) 98852-1375","https://falconnesbarbearia.com.br/","4.7","162","0","geral","não contatado","","Oi! Vi o Barbearia Falconnes aqui em Franca. Ajudo negócios locais a vender mais com automação de WhatsApp, Instagram e presença digital — posso te mandar um exemplo rápido do que consigo fazer pro seu ramo?"
"Mans'space Barbearia","barbearia","itapema","(47) 99729-2046","https://api.whatsapp.com/send?phone=5547997292046&text=Ol%C3%A1%20vi%20seu%20contato%20no%20Google.","4.9","219","0","geral","não contatado","","Oi! Vi o Mans'space Barbearia aqui em Franca. Ajudo negócios locais a vender mais com automação de WhatsApp, Instagram e presença digital — posso te mandar um exemplo rápido do que consigo fazer pro seu ramo?"
"Barbearia VIP Meia Praia","barbearia","itapema","(47) 99172-7085","https://wa.me/5547991727085","4.7","210","0","geral","não contatado","","Oi! Vi o Barbearia VIP Meia Praia aqui em Franca. Ajudo negócios locais a vender mais com automação de WhatsApp, Instagram e presença digital — posso te mandar um exemplo rápido do que consigo fazer pro seu ramo?"
"Santos Barbearia","barbearia","itapema","(47) 99110-7551","https://santosexclusive.com.br/","4.9","128","0","geral","não contatado","","Oi! Vi o Santos Barbearia aqui em Franca. Ajudo negócios locais a vender mais com automação de WhatsApp, Instagram e presença digital — posso te mandar um exemplo rápido do que consigo fazer pro seu ramo?"
"Everton Barbearia","barbearia","itapema","(47) 99258-1267","https://evertonbarbearia.com.br/","4.9","117","0","geral","não contatado","","Oi! Vi o Everton Barbearia aqui em Franca. Ajudo negócios locais a vender mais com automação de WhatsApp, Instagram e presença digital — posso te mandar um exemplo rápido do que consigo fazer pro seu ramo?"
"Barbearia Bender - Bairro Várzea/Tabuleiro","barbearia","itapema","(47) 99282-0451","https://beacons.ai/barbeariabender","4.9","301","0","geral","não contatado","","Oi! Vi o Barbearia Bender - Bairro Várzea/Tabuleiro aqui em Franca. Ajudo negócios locais a vender mais com automação de WhatsApp, Instagram e presença digital — posso te mandar um exemplo rápido do que consigo fazer pro seu ramo?"
"The Marvelous Man ®","barbearia","itapema","(48) 99937-4435","https://themarvelousman.com.br/bio","4.9","72","0","geral","não contatado","","Oi! Vi o The Marvelous Man ® aqui em Franca. Ajudo negócios locais a vender mais com automação de WhatsApp, Instagram e presença digital — posso te mandar um exemplo rápido do que consigo fazer pro seu ramo?"
"Henrico’s Burger -","hamburgueria","itapema","(47) 99112-0239","https://henricosburger.com.br/henricos_burger?s=google","4.8","928","0","geral","não contatado","","Oi! Vi o Henrico’s Burger - aqui em Franca. Ajudo negócios locais a vender mais com automação de WhatsApp, Instagram e presença digital — posso te mandar um exemplo rápido do que consigo fazer pro seu ramo?"
"Dhuu Burger","hamburgueria","itapema","(47) 99106-2158","https://pedido.anota.ai/loja/dhuu-burger?f=msa","4.9","81","0","geral","não contatado","","Oi! Vi o Dhuu Burger aqui em Franca. Ajudo negócios locais a vender mais com automação de WhatsApp, Instagram e presença digital — posso te mandar um exemplo rápido do que consigo fazer pro seu ramo?"
"Hamburgueria Comunello's - Burguer e Beer","hamburgueria","itapema","(47) 99978-4437","https://pedido.anota.ai/loja/comunellos-burguer-beer?f=msa","5","130","0","geral","não contatado","","Oi! Vi o Hamburgueria Comunello's - Burguer e Beer aqui em Franca. Ajudo negócios locais a vender mais com automação de WhatsApp, Instagram e presença digital — posso te mandar um exemplo rápido do que consigo fazer pro seu ramo?"
"Hamburgueria 416 - Lanches e Porções","hamburgueria","itapema","(47) 99241-4160","https://hamburgueria416.com.br/","5","734","0","geral","não contatado","","Oi! Vi o Hamburgueria 416 - Lanches e Porções aqui em Franca. Ajudo negócios locais a vender mais com automação de WhatsApp, Instagram e presença digital — posso te mandar um exemplo rápido do que consigo fazer pro seu ramo?"
"Level UP Academia em Itapema","academia","itapema","(47) 99261-9376","https://www.academialevelup.com.br/levelupsc/1/p/landing-page","4.7","148","0","geral","não contatado","","Oi! Vi o Level UP Academia em Itapema aqui em Franca. Ajudo negócios locais a vender mais com automação de WhatsApp, Instagram e presença digital — posso te mandar um exemplo rápido do que consigo fazer pro seu ramo?"
"TM Fitness Itapema","academia","itapema","(47) 99211-1050","https://tintim.link/whatsapp/934dd354-5710-4495-a78b-98517af3f63c/01b20e41-d130-4ea4-99be-5b3447685b60","4.8","80","0","geral","não contatado","","Oi! Vi o TM Fitness Itapema aqui em Franca. Ajudo negócios locais a vender mais com automação de WhatsApp, Instagram e presença digital — posso te mandar um exemplo rápido do que consigo fazer pro seu ramo?"
"Academia Wave Itapema","academia","itapema","(47) 3368-9955","https://academiawave.com.br/academias/wave-dubai-itapema","4.8","155","0","geral","não contatado","","Oi! Vi o Academia Wave Itapema aqui em Franca. Ajudo negócios locais a vender mais com automação de WhatsApp, Instagram e presença digital — posso te mandar um exemplo rápido do que consigo fazer pro seu ramo?"
"Academia Triball","academia","itapema","(47) 99240-0102","https://academiatriball.com.br/","5","269","0","geral","não contatado","","Oi! Vi o Academia Triball aqui em Franca. Ajudo negócios locais a vender mais com automação de WhatsApp, Instagram e presença digital — posso te mandar um exemplo rápido do que consigo fazer pro seu ramo?"
"Academia Pratique Fitness - Meia Praia","academia","itapema","(31) 4141-1962","https://pratiquefitness.com.br/unidade/meia-praia","4.8","482","0","geral","não contatado","","Oi! Vi o Academia Pratique Fitness - Meia Praia aqui em Franca. Ajudo negócios locais a vender mais com automação de WhatsApp, Instagram e presença digital — posso te mandar um exemplo rápido do que consigo fazer pro seu ramo?"
"Academia AD3 Itapema - Morretes","academia","itapema","(48) 99118-1542","https://academiaad3.com.br/","4.6","111","0","geral","não contatado","","Oi! Vi o Academia AD3 Itapema - Morretes aqui em Franca. Ajudo negócios locais a vender mais com automação de WhatsApp, Instagram e presença digital — posso te mandar um exemplo rápido do que consigo fazer pro seu ramo?"
"Prime Fit - Meia Praia","academia","itapema","(47) 3268-0742","https://loja.treineprimefit.com.br/prime3","4.1","482","0","geral","não contatado","","Oi! Vi o Prime Fit - Meia Praia aqui em Franca. Ajudo negócios locais a vender mais com automação de WhatsApp, Instagram e presença digital — posso te mandar um exemplo rápido do que consigo fazer pro seu ramo?"
"Dra. Raquel Vale","estética facial","itapema","(47) 98475-8796","https://draraquelvale.com.br/","5","223","0","geral","não contatado","","Oi! Vi o Dra. Raquel Vale aqui em Franca. Ajudo negócios locais a vender mais com automação de WhatsApp, Instagram e presença digital — posso te mandar um exemplo rápido do que consigo fazer pro seu ramo?"
"Anna Martini Estética facial","estética facial","itapema","(47) 99234-5991","https://annamartini.com.br/","5","78","0","geral","não contatado","","Oi! Vi o Anna Martini Estética facial aqui em Franca. Ajudo negócios locais a vender mais com automação de WhatsApp, Instagram e presença digital — posso te mandar um exemplo rápido do que consigo fazer pro seu ramo?"
"Clínica KW Beauté","estética facial","itapema","(47) 99237-0306","https://www.clinicakw.com.br/","5","70","0","geral","não contatado","","Oi! Vi o Clínica KW Beauté aqui em Franca. Ajudo negócios locais a vender mais com automação de WhatsApp, Instagram e presença digital — posso te mandar um exemplo rápido do que consigo fazer pro seu ramo?"
"Indy Estética Aplicada","estética facial","itapema","(47) 99672-9192","https://api.whatsapp.com/send?phone=5547996729192","5","84","0","geral","não contatado","","Oi! Vi o Indy Estética Aplicada aqui em Franca. Ajudo negócios locais a vender mais com automação de WhatsApp, Instagram e presença digital — posso te mandar um exemplo rápido do que consigo fazer pro seu ramo?"
"Casa Pet Billy e Nick Matriz","pet shop","itapema","(47) 99951-2540","https://billynick.com.br/","4.7","525","0","geral","não contatado","","Oi! Vi o Casa Pet Billy e Nick Matriz aqui em Franca. Ajudo negócios locais a vender mais com automação de WhatsApp, Instagram e presença digital — posso te mandar um exemplo rápido do que consigo fazer pro seu ramo?"
"Casa Pet Billy e Nick Filial Meia Praia","pet shop","itapema","(47) 99792-0696","https://billynick.com.br/","4.9","79","0","geral","não contatado","","Oi! Vi o Casa Pet Billy e Nick Filial Meia Praia aqui em Franca. Ajudo negócios locais a vender mais com automação de WhatsApp, Instagram e presença digital — posso te mandar um exemplo rápido do que consigo fazer pro seu ramo?"
"Pet Shop Canjicão | Banho e Tosa com Taxi Dog","pet shop","itapema","(47) 99955-8832","https://sitecanjicaopetshop.lovable.app/","4.9","62","0","geral","não contatado","","Oi! Vi o Pet Shop Canjicão | Banho e Tosa com Taxi Dog aqui em Franca. Ajudo negócios locais a vender mais com automação de WhatsApp, Instagram e presença digital — posso te mandar um exemplo rápido do que consigo fazer pro seu ramo?"
"Vet Vale","pet shop","itapema","(47) 3366-3366","https://www.vetvale.com.br/","4.9","343","0","geral","não contatado","","Oi! Vi o Vet Vale aqui em Franca. Ajudo negócios locais a vender mais com automação de WhatsApp, Instagram e presença digital — posso te mandar um exemplo rápido do que consigo fazer pro seu ramo?"
"Malagueta Bar e Choperia","Bares","itapema","(47) 99668-2263","https://www.lojalocal.com/amstel/26425442000173","4.3","622","0","geral","não contatado","","Oi! Vi o Malagueta Bar e Choperia aqui em Franca. Ajudo negócios locais a vender mais com automação de WhatsApp, Instagram e presença digital — posso te mandar um exemplo rápido do que consigo fazer pro seu ramo?"
"Madalena Chopp Bar | Restaurante em Itapema","Bares","itapema","(47) 99781-3826","https://madalenachopp.lovable.app/","4.5","129","0","geral","não contatado","","Oi! Vi o Madalena Chopp Bar | Restaurante em Itapema aqui em Franca. Ajudo negócios locais a vender mais com automação de WhatsApp, Instagram e presença digital — posso te mandar um exemplo rápido do que consigo fazer pro seu ramo?"
"Água de Coco Choperia -Grill | Restaurante Mexicano em Itapema","Bares","itapema","(47) 3268-4361","https://aguadecocochoperia.lovable.app/","4.4","1731","0","geral","não contatado","","Oi! Vi o Água de Coco Choperia -Grill | Restaurante Mexicano em Itapema aqui em Franca. Ajudo negócios locais a vender mais com automação de WhatsApp, Instagram e presença digital — posso te mandar um exemplo rápido do que consigo fazer pro seu ramo?"
"Recanto Fábio","Bares","itapema","(47) 3368-7200","https://www.restauranterecantofabio.com.br/","4.7","9247","0","geral","não contatado","","Oi! Vi o Recanto Fábio aqui em Franca. Ajudo negócios locais a vender mais com automação de WhatsApp, Instagram e presença digital — posso te mandar um exemplo rápido do que consigo fazer pro seu ramo?"
"Orla • Restaurante - Petiscaria a Beira Mar","Bares","itapema","(47) 99226-3465","https://orlarestaurante.com/bio/","4.7","467","0","geral","não contatado","","Oi! Vi o Orla • Restaurante - Petiscaria a Beira Mar aqui em Franca. Ajudo negócios locais a vender mais com automação de WhatsApp, Instagram e presença digital — posso te mandar um exemplo rápido do que consigo fazer pro seu ramo?"